[{"path":"index.ts","fileType":"ts","lines":[{"lineNumber":1,"author":{"gitId":"-"},"content":"export * from \u0027./src/entities/AiFeedback\u0027","isFullCredit":false},{"lineNumber":2,"author":{"gitId":"-"},"content":"export * from \u0027./src/entities/AssistantThread\u0027","isFullCredit":false},{"lineNumber":3,"author":{"gitId":"-"},"content":"export * from \u0027./src/entities/CategoryImageLink\u0027","isFullCredit":false},{"lineNumber":4,"author":{"gitId":"-"},"content":"export * from \u0027./src/entities/AppFeedback\u0027","isFullCredit":false},{"lineNumber":5,"author":{"gitId":"-"},"content":"export * from \u0027./src/entities/AppraisalCard\u0027","isFullCredit":false},{"lineNumber":6,"author":{"gitId":"gaur-aditya"},"content":"export * from \u0027./src/entities/CoachingEvent\u0027","isFullCredit":false},{"lineNumber":7,"author":{"gitId":"-"},"content":"export * from \u0027./src/entities/Department\u0027","isFullCredit":false},{"lineNumber":8,"author":{"gitId":"-"},"content":"export * from \u0027./src/entities/Goal\u0027","isFullCredit":false},{"lineNumber":9,"author":{"gitId":"-"},"content":"export * from \u0027./src/entities/Project\u0027","isFullCredit":false},{"lineNumber":10,"author":{"gitId":"-"},"content":"export * from \u0027./src/entities/Role\u0027","isFullCredit":false},{"lineNumber":11,"author":{"gitId":"-"},"content":"export * from \u0027./src/entities/ScoreCard\u0027","isFullCredit":false},{"lineNumber":12,"author":{"gitId":"-"},"content":"export * from \u0027./src/entities/Team\u0027","isFullCredit":false},{"lineNumber":13,"author":{"gitId":"-"},"content":"export * from \u0027./src/entities/UserCard\u0027","isFullCredit":false},{"lineNumber":14,"author":{"gitId":"-"},"content":"export * from \u0027./src/entities/UserCardConfig\u0027","isFullCredit":false},{"lineNumber":15,"author":{"gitId":"-"},"content":"export * from \u0027./src/entities/UserLogin\u0027","isFullCredit":false},{"lineNumber":16,"author":{"gitId":"-"},"content":"export * from \u0027./src/entities/UserT3B3\u0027","isFullCredit":false},{"lineNumber":17,"author":{"gitId":"-"},"content":"export * from \u0027./src/entities/User\u0027","isFullCredit":false},{"lineNumber":18,"author":{"gitId":"-"},"content":"export * from \u0027./src/entities/Topic\u0027","isFullCredit":false},{"lineNumber":19,"author":{"gitId":"-"},"content":"export * from \u0027./src/entities/LangchainMemoryChat\u0027","isFullCredit":false},{"lineNumber":20,"author":{"gitId":"dhiraj-codewalla"},"content":"export * from \u0027./src/entities/CoachingEventUrls\u0027","isFullCredit":false},{"lineNumber":21,"author":{"gitId":"gaur-aditya"},"content":"export * from \u0027./src/entities/GithubInstallation\u0027","isFullCredit":false},{"lineNumber":22,"author":{"gitId":"gaur-aditya"},"content":"export * from \u0027./src/entities/GithubRepositoryCommit\u0027","isFullCredit":false},{"lineNumber":23,"author":{"gitId":"gaur-aditya"},"content":"export * from \u0027./src/entities/GithubRepositoryPullRequest\u0027","isFullCredit":false},{"lineNumber":24,"author":{"gitId":"-"},"content":"export * from \u0027./src/dto/AssistantResponse\u0027","isFullCredit":false},{"lineNumber":25,"author":{"gitId":"-"},"content":"export * from \u0027./src/dto/AssistantResponseValue\u0027","isFullCredit":false},{"lineNumber":26,"author":{"gitId":"-"},"content":"export * from \u0027./src/dto/CategoryRating\u0027","isFullCredit":false},{"lineNumber":27,"author":{"gitId":"-"},"content":"export * from \u0027./src/dto/FeedbackRequest\u0027","isFullCredit":false},{"lineNumber":28,"author":{"gitId":"-"},"content":"export * from \u0027./src/dto/RevisedRating\u0027","isFullCredit":false},{"lineNumber":29,"author":{"gitId":"-"},"content":"export * from \u0027./src/dto/T3B3\u0027","isFullCredit":false},{"lineNumber":30,"author":{"gitId":"-"},"content":"export * from \u0027./src/dto/UserCardCategory\u0027","isFullCredit":false},{"lineNumber":31,"author":{"gitId":"-"},"content":"export * from \u0027./src/dto/UserCardGoal\u0027","isFullCredit":false},{"lineNumber":32,"author":{"gitId":"-"},"content":"export * from \u0027./src/enums/ActiveStatus\u0027","isFullCredit":false},{"lineNumber":33,"author":{"gitId":"-"},"content":"export * from \u0027./src/enums/AppraisalCategory\u0027","isFullCredit":false},{"lineNumber":34,"author":{"gitId":"-"},"content":"export * from \u0027./src/enums/ChatStatus\u0027","isFullCredit":false},{"lineNumber":35,"author":{"gitId":"-"},"content":"export * from \u0027./src/enums/Feedback\u0027","isFullCredit":false},{"lineNumber":36,"author":{"gitId":"-"},"content":"export * from \u0027./src/enums/GoalStatus\u0027","isFullCredit":false},{"lineNumber":37,"author":{"gitId":"-"},"content":"export * from \u0027./src/enums/ScoreCard\u0027","isFullCredit":false},{"lineNumber":38,"author":{"gitId":"-"},"content":"export * from \u0027./src/enums/UserCard\u0027","isFullCredit":false},{"lineNumber":39,"author":{"gitId":"-"},"content":"export * from \u0027./src/enums/VerificationStatus\u0027","isFullCredit":false},{"lineNumber":40,"author":{"gitId":"-"},"content":"export * from \u0027./src/modules/AppraisalCard\u0027","isFullCredit":false},{"lineNumber":41,"author":{"gitId":"-"},"content":"export * from \u0027./src/modules/AssistantThread\u0027","isFullCredit":false},{"lineNumber":42,"author":{"gitId":"gaur-aditya"},"content":"export * from \u0027./src/modules/CoachingEvent\u0027","isFullCredit":false},{"lineNumber":43,"author":{"gitId":"-"},"content":"export * from \u0027./src/modules/Department\u0027","isFullCredit":false},{"lineNumber":44,"author":{"gitId":"-"},"content":"export * from \u0027./src/modules/Goal\u0027","isFullCredit":false},{"lineNumber":45,"author":{"gitId":"-"},"content":"export * from \u0027./src/modules/Project\u0027","isFullCredit":false},{"lineNumber":46,"author":{"gitId":"-"},"content":"export * from \u0027./src/modules/Role\u0027","isFullCredit":false},{"lineNumber":47,"author":{"gitId":"-"},"content":"export * from \u0027./src/modules/ScoreCard\u0027","isFullCredit":false},{"lineNumber":48,"author":{"gitId":"-"},"content":"export * from \u0027./src/modules/Team\u0027","isFullCredit":false},{"lineNumber":49,"author":{"gitId":"-"},"content":"export * from \u0027./src/modules/UserCard\u0027","isFullCredit":false},{"lineNumber":50,"author":{"gitId":"-"},"content":"export * from \u0027./src/modules/UserCardConfig\u0027","isFullCredit":false},{"lineNumber":51,"author":{"gitId":"-"},"content":"export * from \u0027./src/modules/UserLogin\u0027","isFullCredit":false},{"lineNumber":52,"author":{"gitId":"-"},"content":"export * from \u0027./src/modules/UserT3B3\u0027","isFullCredit":false},{"lineNumber":53,"author":{"gitId":"-"},"content":"export * from \u0027./src/modules/UserModule\u0027","isFullCredit":false},{"lineNumber":54,"author":{"gitId":"-"},"content":"export * from \u0027./src/modules/Topic\u0027","isFullCredit":false},{"lineNumber":55,"author":{"gitId":"-"},"content":"export * from \u0027./src/modules/LangchainMemoryChat\u0027","isFullCredit":false},{"lineNumber":56,"author":{"gitId":"dhiraj-codewalla"},"content":"export * from \u0027./src/modules/CoachingEventUrls\u0027","isFullCredit":false},{"lineNumber":57,"author":{"gitId":"gaur-aditya"},"content":"export * from \u0027./src/modules/GithubInstallation\u0027","isFullCredit":false},{"lineNumber":58,"author":{"gitId":"gaur-aditya"},"content":"export * from \u0027./src/modules/GithubRepositoryCommit\u0027","isFullCredit":false},{"lineNumber":59,"author":{"gitId":"gaur-aditya"},"content":"export * from \u0027./src/modules/GithubRepositoryPullRequest\u0027","isFullCredit":false}],"authorContributionMap":{"dhiraj-codewalla":2,"gaur-aditya":8,"-":49}},{"path":"package.json","fileType":"json","lines":[{"lineNumber":1,"author":{"gitId":"-"},"content":"{","isFullCredit":false},{"lineNumber":2,"author":{"gitId":"-"},"content":"  \"name\": \"@codewalla_india/coachwalla-business-model\",","isFullCredit":false},{"lineNumber":3,"author":{"gitId":"gaur-aditya"},"content":"  \"version\": \"1.0.54\",","isFullCredit":false},{"lineNumber":4,"author":{"gitId":"-"},"content":"  \"description\": \"A business model for coachwalla\",","isFullCredit":false},{"lineNumber":5,"author":{"gitId":"-"},"content":"  \"main\": \"dist/index.js\",","isFullCredit":false},{"lineNumber":6,"author":{"gitId":"-"},"content":"  \"scripts\": {","isFullCredit":false},{"lineNumber":7,"author":{"gitId":"-"},"content":"    \"build\": \"npm i \u0026\u0026 tsc\"","isFullCredit":false},{"lineNumber":8,"author":{"gitId":"-"},"content":"  },","isFullCredit":false},{"lineNumber":9,"author":{"gitId":"-"},"content":"  \"dependencies\": {","isFullCredit":false},{"lineNumber":10,"author":{"gitId":"-"},"content":"    \"@codewalla_india/coachwalla-mongodb-utils\": \"^1.1.7\",","isFullCredit":false},{"lineNumber":11,"author":{"gitId":"-"},"content":"    \"dotenv\": \"^16.3.1\",","isFullCredit":false},{"lineNumber":12,"author":{"gitId":"-"},"content":"    \"langchain\": \"^0.2.10\",","isFullCredit":false},{"lineNumber":13,"author":{"gitId":"-"},"content":"    \"mongodb\": \"^6.3.0\"","isFullCredit":false},{"lineNumber":14,"author":{"gitId":"-"},"content":"  },","isFullCredit":false},{"lineNumber":15,"author":{"gitId":"-"},"content":"  \"devDependencies\": {","isFullCredit":false},{"lineNumber":16,"author":{"gitId":"-"},"content":"    \"@types/dotenv\": \"^8.2.0\",","isFullCredit":false},{"lineNumber":17,"author":{"gitId":"-"},"content":"    \"@typescript-eslint/eslint-plugin\": \"^6.12.0\",","isFullCredit":false},{"lineNumber":18,"author":{"gitId":"-"},"content":"    \"@typescript-eslint/parser\": \"^6.12.0\",","isFullCredit":false},{"lineNumber":19,"author":{"gitId":"-"},"content":"    \"eslint\": \"^8.54.0\",","isFullCredit":false},{"lineNumber":20,"author":{"gitId":"-"},"content":"    \"eslint-config-standard-with-typescript\": \"^40.0.0\",","isFullCredit":false},{"lineNumber":21,"author":{"gitId":"-"},"content":"    \"eslint-plugin-import\": \"^2.29.0\",","isFullCredit":false},{"lineNumber":22,"author":{"gitId":"-"},"content":"    \"eslint-plugin-n\": \"^16.3.1\",","isFullCredit":false},{"lineNumber":23,"author":{"gitId":"-"},"content":"    \"eslint-plugin-promise\": \"^6.1.1\",","isFullCredit":false},{"lineNumber":24,"author":{"gitId":"-"},"content":"    \"nodemon\": \"^2.0.22\",","isFullCredit":false},{"lineNumber":25,"author":{"gitId":"-"},"content":"    \"ts-node\": \"^10.9.2\",","isFullCredit":false},{"lineNumber":26,"author":{"gitId":"-"},"content":"    \"typescript\": \"^5.3.3\"","isFullCredit":false},{"lineNumber":27,"author":{"gitId":"-"},"content":"  },","isFullCredit":false},{"lineNumber":28,"author":{"gitId":"-"},"content":"  \"author\": \"Aditya Gaur aditya.g@codewalla.com\",","isFullCredit":false},{"lineNumber":29,"author":{"gitId":"-"},"content":"  \"license\": \"ISC\"","isFullCredit":false},{"lineNumber":30,"author":{"gitId":"-"},"content":"}","isFullCredit":false}],"authorContributionMap":{"gaur-aditya":1,"-":29}},{"path":"src/entities/CoachingEvent.ts","fileType":"ts","lines":[{"lineNumber":1,"author":{"gitId":"-"},"content":"import { connectToDb } from \u0027@codewalla_india/coachwalla-mongodb-utils\u0027","isFullCredit":false},{"lineNumber":2,"author":{"gitId":"-"},"content":"import { type ObjectId } from \u0027mongodb\u0027","isFullCredit":false},{"lineNumber":3,"author":{"gitId":"-"},"content":"import { type AssistantResponse } from \u0027../dto/AssistantResponse\u0027","isFullCredit":false},{"lineNumber":4,"author":{"gitId":"-"},"content":"import { ActiveStatus } from \u0027../enums/ActiveStatus\u0027","isFullCredit":false},{"lineNumber":5,"author":{"gitId":"-"},"content":"","isFullCredit":false},{"lineNumber":6,"author":{"gitId":"gaur-aditya"},"content":"interface ICoachingEvent {","isFullCredit":false},{"lineNumber":7,"author":{"gitId":"-"},"content":"  _id: ObjectId","isFullCredit":false},{"lineNumber":8,"author":{"gitId":"-"},"content":"  managerId: string","isFullCredit":false},{"lineNumber":9,"author":{"gitId":"-"},"content":"  attendeeIds: string[]","isFullCredit":false},{"lineNumber":10,"author":{"gitId":"-"},"content":"  attendeeNames: string[]","isFullCredit":false},{"lineNumber":11,"author":{"gitId":"-"},"content":"  meetingLink: string","isFullCredit":false},{"lineNumber":12,"author":{"gitId":"-"},"content":"  meetingDate: Date","isFullCredit":false},{"lineNumber":13,"author":{"gitId":"-"},"content":"  meetingStartTime: string","isFullCredit":false},{"lineNumber":14,"author":{"gitId":"-"},"content":"  meetingEndTime: string","isFullCredit":false},{"lineNumber":15,"author":{"gitId":"-"},"content":"  topics: string[]","isFullCredit":false},{"lineNumber":16,"author":{"gitId":"-"},"content":"  agenda: AssistantResponse","isFullCredit":false},{"lineNumber":17,"author":{"gitId":"-"},"content":"  active: ActiveStatus","isFullCredit":false},{"lineNumber":18,"author":{"gitId":"-"},"content":"}","isFullCredit":false},{"lineNumber":19,"author":{"gitId":"-"},"content":"","isFullCredit":false},{"lineNumber":20,"author":{"gitId":"gaur-aditya"},"content":"const coachingEventCollection \u003d \u0027coachingEvent\u0027","isFullCredit":false},{"lineNumber":21,"author":{"gitId":"-"},"content":"","isFullCredit":false},{"lineNumber":22,"author":{"gitId":"gaur-aditya"},"content":"async function createCoachingEventCollection (): Promise\u003cvoid\u003e {","isFullCredit":false},{"lineNumber":23,"author":{"gitId":"-"},"content":"  try {","isFullCredit":false},{"lineNumber":24,"author":{"gitId":"-"},"content":"    const database \u003d await connectToDb()","isFullCredit":false},{"lineNumber":25,"author":{"gitId":"-"},"content":"","isFullCredit":false},{"lineNumber":26,"author":{"gitId":"-"},"content":"    // Create a collection","isFullCredit":false},{"lineNumber":27,"author":{"gitId":"-"},"content":"    const options \u003d {","isFullCredit":false},{"lineNumber":28,"author":{"gitId":"-"},"content":"      validator: {","isFullCredit":false},{"lineNumber":29,"author":{"gitId":"-"},"content":"        $jsonSchema: {","isFullCredit":false},{"lineNumber":30,"author":{"gitId":"-"},"content":"          bsonType: \u0027object\u0027,","isFullCredit":false},{"lineNumber":31,"author":{"gitId":"-"},"content":"          required: [\u0027managerId\u0027, \u0027meetingLink\u0027, \u0027meetingDate\u0027, \u0027meetingStartTime\u0027, \u0027meetingEndTime\u0027, \u0027topics\u0027],","isFullCredit":false},{"lineNumber":32,"author":{"gitId":"-"},"content":"          properties: {","isFullCredit":false},{"lineNumber":33,"author":{"gitId":"-"},"content":"            _id: {","isFullCredit":false},{"lineNumber":34,"author":{"gitId":"-"},"content":"              bsonType: \u0027objectId\u0027","isFullCredit":false},{"lineNumber":35,"author":{"gitId":"-"},"content":"            },","isFullCredit":false},{"lineNumber":36,"author":{"gitId":"-"},"content":"            managerId: {","isFullCredit":false},{"lineNumber":37,"author":{"gitId":"-"},"content":"              bsonType: \u0027string\u0027","isFullCredit":false},{"lineNumber":38,"author":{"gitId":"-"},"content":"            },","isFullCredit":false},{"lineNumber":39,"author":{"gitId":"-"},"content":"            attendeeIds: {","isFullCredit":false},{"lineNumber":40,"author":{"gitId":"-"},"content":"              bsonType: \u0027array\u0027","isFullCredit":false},{"lineNumber":41,"author":{"gitId":"-"},"content":"            },","isFullCredit":false},{"lineNumber":42,"author":{"gitId":"-"},"content":"            meetingLink: {","isFullCredit":false},{"lineNumber":43,"author":{"gitId":"-"},"content":"              bsonType: \u0027string\u0027","isFullCredit":false},{"lineNumber":44,"author":{"gitId":"-"},"content":"            },","isFullCredit":false},{"lineNumber":45,"author":{"gitId":"-"},"content":"            meetingDate: {","isFullCredit":false},{"lineNumber":46,"author":{"gitId":"-"},"content":"              bsonType: \u0027date\u0027","isFullCredit":false},{"lineNumber":47,"author":{"gitId":"-"},"content":"            },","isFullCredit":false},{"lineNumber":48,"author":{"gitId":"-"},"content":"            meetingStartTime: {","isFullCredit":false},{"lineNumber":49,"author":{"gitId":"-"},"content":"              bsonType: \u0027string\u0027","isFullCredit":false},{"lineNumber":50,"author":{"gitId":"-"},"content":"            },","isFullCredit":false},{"lineNumber":51,"author":{"gitId":"-"},"content":"            meetingEndTime: {","isFullCredit":false},{"lineNumber":52,"author":{"gitId":"-"},"content":"              bsonType: \u0027string\u0027","isFullCredit":false},{"lineNumber":53,"author":{"gitId":"-"},"content":"            },","isFullCredit":false},{"lineNumber":54,"author":{"gitId":"-"},"content":"            topics: {","isFullCredit":false},{"lineNumber":55,"author":{"gitId":"-"},"content":"              bsonType: \u0027array\u0027","isFullCredit":false},{"lineNumber":56,"author":{"gitId":"-"},"content":"            },","isFullCredit":false},{"lineNumber":57,"author":{"gitId":"-"},"content":"            agenda: {","isFullCredit":false},{"lineNumber":58,"author":{"gitId":"-"},"content":"              bsonType: \u0027object\u0027","isFullCredit":false},{"lineNumber":59,"author":{"gitId":"-"},"content":"            },","isFullCredit":false},{"lineNumber":60,"author":{"gitId":"-"},"content":"            active: {","isFullCredit":false},{"lineNumber":61,"author":{"gitId":"-"},"content":"              enum: Object.values(ActiveStatus),","isFullCredit":false},{"lineNumber":62,"author":{"gitId":"-"},"content":"              bsonType: \u0027string\u0027","isFullCredit":false},{"lineNumber":63,"author":{"gitId":"-"},"content":"            }","isFullCredit":false},{"lineNumber":64,"author":{"gitId":"-"},"content":"          }","isFullCredit":false},{"lineNumber":65,"author":{"gitId":"-"},"content":"        }","isFullCredit":false},{"lineNumber":66,"author":{"gitId":"-"},"content":"      }","isFullCredit":false},{"lineNumber":67,"author":{"gitId":"-"},"content":"    }","isFullCredit":false},{"lineNumber":68,"author":{"gitId":"gaur-aditya"},"content":"    const collection \u003d await database.createCollection\u003cICoachingEvent\u003e(coachingEventCollection, options)","isFullCredit":false},{"lineNumber":69,"author":{"gitId":"-"},"content":"    console.log(`Collection created with the name \u0027${collection.collectionName}\u0027`)","isFullCredit":false},{"lineNumber":70,"author":{"gitId":"-"},"content":"  } catch (err) {","isFullCredit":false},{"lineNumber":71,"author":{"gitId":"-"},"content":"    console.error(`Error in creating event: ${String(err)}`)","isFullCredit":false},{"lineNumber":72,"author":{"gitId":"-"},"content":"  }","isFullCredit":false},{"lineNumber":73,"author":{"gitId":"-"},"content":"}","isFullCredit":false},{"lineNumber":74,"author":{"gitId":"-"},"content":"","isFullCredit":false},{"lineNumber":75,"author":{"gitId":"gaur-aditya"},"content":"export { coachingEventCollection, createCoachingEventCollection, type ICoachingEvent }","isFullCredit":false}],"authorContributionMap":{"gaur-aditya":5,"-":70}},{"path":"src/entities/CoachingEventUrls.ts","fileType":"ts","lines":[{"lineNumber":1,"author":{"gitId":"dhiraj-codewalla"},"content":"import { connectToDb } from \u0027@codewalla_india/coachwalla-mongodb-utils\u0027","isFullCredit":false},{"lineNumber":2,"author":{"gitId":"dhiraj-codewalla"},"content":"import { type ObjectId } from \u0027mongodb\u0027","isFullCredit":false},{"lineNumber":3,"author":{"gitId":"dhiraj-codewalla"},"content":"","isFullCredit":false},{"lineNumber":4,"author":{"gitId":"dhiraj-codewalla"},"content":"interface IEventUrl {","isFullCredit":false},{"lineNumber":5,"author":{"gitId":"dhiraj-codewalla"},"content":"  name: string","isFullCredit":false},{"lineNumber":6,"author":{"gitId":"dhiraj-codewalla"},"content":"  url: string","isFullCredit":false},{"lineNumber":7,"author":{"gitId":"dhiraj-codewalla"},"content":"}","isFullCredit":false},{"lineNumber":8,"author":{"gitId":"dhiraj-codewalla"},"content":"","isFullCredit":false},{"lineNumber":9,"author":{"gitId":"dhiraj-codewalla"},"content":"interface ICoachingEventUrls {","isFullCredit":false},{"lineNumber":10,"author":{"gitId":"dhiraj-codewalla"},"content":"  _id: ObjectId","isFullCredit":false},{"lineNumber":11,"author":{"gitId":"dhiraj-codewalla"},"content":"  managerId: string","isFullCredit":false},{"lineNumber":12,"author":{"gitId":"dhiraj-codewalla"},"content":"  eventUrls: IEventUrl[]","isFullCredit":false},{"lineNumber":13,"author":{"gitId":"dhiraj-codewalla"},"content":"}","isFullCredit":false},{"lineNumber":14,"author":{"gitId":"dhiraj-codewalla"},"content":"","isFullCredit":false},{"lineNumber":15,"author":{"gitId":"dhiraj-codewalla"},"content":"const coachingEventUrlsCollection \u003d \u0027coachingEventUrls\u0027","isFullCredit":false},{"lineNumber":16,"author":{"gitId":"dhiraj-codewalla"},"content":"","isFullCredit":false},{"lineNumber":17,"author":{"gitId":"dhiraj-codewalla"},"content":"const createCoachingEventUrlsCollection \u003d async (): Promise\u003cvoid\u003e \u003d\u003e {","isFullCredit":false},{"lineNumber":18,"author":{"gitId":"dhiraj-codewalla"},"content":"  try {","isFullCredit":false},{"lineNumber":19,"author":{"gitId":"dhiraj-codewalla"},"content":"    const database \u003d await connectToDb()","isFullCredit":false},{"lineNumber":20,"author":{"gitId":"dhiraj-codewalla"},"content":"","isFullCredit":false},{"lineNumber":21,"author":{"gitId":"dhiraj-codewalla"},"content":"    // create collection","isFullCredit":false},{"lineNumber":22,"author":{"gitId":"dhiraj-codewalla"},"content":"    const options \u003d {","isFullCredit":false},{"lineNumber":23,"author":{"gitId":"dhiraj-codewalla"},"content":"      validator: {","isFullCredit":false},{"lineNumber":24,"author":{"gitId":"dhiraj-codewalla"},"content":"        $jsonSchema: {","isFullCredit":false},{"lineNumber":25,"author":{"gitId":"dhiraj-codewalla"},"content":"          bsonType: \u0027object\u0027,","isFullCredit":false},{"lineNumber":26,"author":{"gitId":"dhiraj-codewalla"},"content":"          required: [\u0027managerId\u0027, \u0027eventUrls\u0027],","isFullCredit":false},{"lineNumber":27,"author":{"gitId":"dhiraj-codewalla"},"content":"          properties: {","isFullCredit":false},{"lineNumber":28,"author":{"gitId":"dhiraj-codewalla"},"content":"            _id: {","isFullCredit":false},{"lineNumber":29,"author":{"gitId":"dhiraj-codewalla"},"content":"              bsonType: \u0027objectId\u0027","isFullCredit":false},{"lineNumber":30,"author":{"gitId":"dhiraj-codewalla"},"content":"            },","isFullCredit":false},{"lineNumber":31,"author":{"gitId":"dhiraj-codewalla"},"content":"            managerId: {","isFullCredit":false},{"lineNumber":32,"author":{"gitId":"dhiraj-codewalla"},"content":"              bsonType: \u0027string\u0027","isFullCredit":false},{"lineNumber":33,"author":{"gitId":"dhiraj-codewalla"},"content":"            },","isFullCredit":false},{"lineNumber":34,"author":{"gitId":"dhiraj-codewalla"},"content":"            eventUrls: {","isFullCredit":false},{"lineNumber":35,"author":{"gitId":"dhiraj-codewalla"},"content":"              bsonType: \u0027array\u0027","isFullCredit":false},{"lineNumber":36,"author":{"gitId":"dhiraj-codewalla"},"content":"            }","isFullCredit":false},{"lineNumber":37,"author":{"gitId":"dhiraj-codewalla"},"content":"          }","isFullCredit":false},{"lineNumber":38,"author":{"gitId":"dhiraj-codewalla"},"content":"        }","isFullCredit":false},{"lineNumber":39,"author":{"gitId":"dhiraj-codewalla"},"content":"      }","isFullCredit":false},{"lineNumber":40,"author":{"gitId":"dhiraj-codewalla"},"content":"    }","isFullCredit":false},{"lineNumber":41,"author":{"gitId":"dhiraj-codewalla"},"content":"","isFullCredit":false},{"lineNumber":42,"author":{"gitId":"dhiraj-codewalla"},"content":"    const collection \u003d await database.createCollection(coachingEventUrlsCollection, options)","isFullCredit":false},{"lineNumber":43,"author":{"gitId":"dhiraj-codewalla"},"content":"","isFullCredit":false},{"lineNumber":44,"author":{"gitId":"dhiraj-codewalla"},"content":"    console.log(`Collection created: ${collection.collectionName}`)","isFullCredit":false},{"lineNumber":45,"author":{"gitId":"dhiraj-codewalla"},"content":"  } catch (error) {","isFullCredit":false},{"lineNumber":46,"author":{"gitId":"dhiraj-codewalla"},"content":"    console.error(`Error in creating calendly event type: ${String(error)}`)","isFullCredit":false},{"lineNumber":47,"author":{"gitId":"dhiraj-codewalla"},"content":"  }","isFullCredit":false},{"lineNumber":48,"author":{"gitId":"dhiraj-codewalla"},"content":"}","isFullCredit":false},{"lineNumber":49,"author":{"gitId":"dhiraj-codewalla"},"content":"","isFullCredit":false},{"lineNumber":50,"author":{"gitId":"dhiraj-codewalla"},"content":"export { coachingEventUrlsCollection, createCoachingEventUrlsCollection, type ICoachingEventUrls, type IEventUrl }","isFullCredit":false}],"authorContributionMap":{"dhiraj-codewalla":50}},{"path":"src/entities/GithubInstallation.ts","fileType":"ts","lines":[{"lineNumber":1,"author":{"gitId":"gaur-aditya"},"content":"import { type ObjectId } from \u0027mongodb\u0027","isFullCredit":false},{"lineNumber":2,"author":{"gitId":"gaur-aditya"},"content":"import { type ActiveStatus } from \u0027../enums/ActiveStatus\u0027","isFullCredit":false},{"lineNumber":3,"author":{"gitId":"gaur-aditya"},"content":"","isFullCredit":false},{"lineNumber":4,"author":{"gitId":"gaur-aditya"},"content":"interface IGithubInstallationRepository {","isFullCredit":false},{"lineNumber":5,"author":{"gitId":"gaur-aditya"},"content":"  id: number","isFullCredit":false},{"lineNumber":6,"author":{"gitId":"gaur-aditya"},"content":"  nodeId: string","isFullCredit":false},{"lineNumber":7,"author":{"gitId":"gaur-aditya"},"content":"  name: string","isFullCredit":false},{"lineNumber":8,"author":{"gitId":"gaur-aditya"},"content":"  fullName: string","isFullCredit":false},{"lineNumber":9,"author":{"gitId":"gaur-aditya"},"content":"  private: boolean","isFullCredit":false},{"lineNumber":10,"author":{"gitId":"gaur-aditya"},"content":"  branches: string[]","isFullCredit":false},{"lineNumber":11,"author":{"gitId":"gaur-aditya"},"content":"}","isFullCredit":false},{"lineNumber":12,"author":{"gitId":"gaur-aditya"},"content":"","isFullCredit":false},{"lineNumber":13,"author":{"gitId":"gaur-aditya"},"content":"interface IGithubInstallation {","isFullCredit":false},{"lineNumber":14,"author":{"gitId":"gaur-aditya"},"content":"  _id: ObjectId","isFullCredit":false},{"lineNumber":15,"author":{"gitId":"gaur-aditya"},"content":"  installationId: number","isFullCredit":false},{"lineNumber":16,"author":{"gitId":"gaur-aditya"},"content":"  action: string","isFullCredit":false},{"lineNumber":17,"author":{"gitId":"gaur-aditya"},"content":"  active: ActiveStatus","isFullCredit":false},{"lineNumber":18,"author":{"gitId":"gaur-aditya"},"content":"  account: string","isFullCredit":false},{"lineNumber":19,"author":{"gitId":"gaur-aditya"},"content":"  repositorySelection: string","isFullCredit":false},{"lineNumber":20,"author":{"gitId":"gaur-aditya"},"content":"  accessTokensUrl: string","isFullCredit":false},{"lineNumber":21,"author":{"gitId":"gaur-aditya"},"content":"  repositoriesUrl: string","isFullCredit":false},{"lineNumber":22,"author":{"gitId":"gaur-aditya"},"content":"  htmlUrl: string","isFullCredit":false},{"lineNumber":23,"author":{"gitId":"gaur-aditya"},"content":"  appId: number","isFullCredit":false},{"lineNumber":24,"author":{"gitId":"gaur-aditya"},"content":"  appSlug: string","isFullCredit":false},{"lineNumber":25,"author":{"gitId":"gaur-aditya"},"content":"  targetId: number","isFullCredit":false},{"lineNumber":26,"author":{"gitId":"gaur-aditya"},"content":"  targetType: string","isFullCredit":false},{"lineNumber":27,"author":{"gitId":"gaur-aditya"},"content":"  permissions: string","isFullCredit":false},{"lineNumber":28,"author":{"gitId":"gaur-aditya"},"content":"  events: string[]","isFullCredit":false},{"lineNumber":29,"author":{"gitId":"gaur-aditya"},"content":"  createdAt: string","isFullCredit":false},{"lineNumber":30,"author":{"gitId":"gaur-aditya"},"content":"  updatedAt: string","isFullCredit":false},{"lineNumber":31,"author":{"gitId":"gaur-aditya"},"content":"  singleFileName: string | null","isFullCredit":false},{"lineNumber":32,"author":{"gitId":"gaur-aditya"},"content":"  hasMultipleSingleFiles: boolean","isFullCredit":false},{"lineNumber":33,"author":{"gitId":"gaur-aditya"},"content":"  repositories: IGithubInstallationRepository[]","isFullCredit":false},{"lineNumber":34,"author":{"gitId":"gaur-aditya"},"content":"  singleFilePaths: string[]","isFullCredit":false},{"lineNumber":35,"author":{"gitId":"gaur-aditya"},"content":"  suspendedBy: string | null","isFullCredit":false},{"lineNumber":36,"author":{"gitId":"gaur-aditya"},"content":"  suspendedAt: string | null","isFullCredit":false},{"lineNumber":37,"author":{"gitId":"gaur-aditya"},"content":"  sender: string","isFullCredit":false},{"lineNumber":38,"author":{"gitId":"gaur-aditya"},"content":"}","isFullCredit":false},{"lineNumber":39,"author":{"gitId":"gaur-aditya"},"content":"","isFullCredit":false},{"lineNumber":40,"author":{"gitId":"gaur-aditya"},"content":"const githubInstallationCollection \u003d \u0027githubInstallations\u0027","isFullCredit":false},{"lineNumber":41,"author":{"gitId":"gaur-aditya"},"content":"","isFullCredit":false},{"lineNumber":42,"author":{"gitId":"gaur-aditya"},"content":"export {","isFullCredit":false},{"lineNumber":43,"author":{"gitId":"gaur-aditya"},"content":"  type IGithubInstallation,","isFullCredit":false},{"lineNumber":44,"author":{"gitId":"gaur-aditya"},"content":"  type IGithubInstallationRepository,","isFullCredit":false},{"lineNumber":45,"author":{"gitId":"gaur-aditya"},"content":"  githubInstallationCollection","isFullCredit":false},{"lineNumber":46,"author":{"gitId":"gaur-aditya"},"content":"}","isFullCredit":false}],"authorContributionMap":{"gaur-aditya":46}},{"path":"src/entities/GithubRepositoryCommit.ts","fileType":"ts","lines":[{"lineNumber":1,"author":{"gitId":"gaur-aditya"},"content":"import { type ObjectId } from \u0027mongodb\u0027","isFullCredit":false},{"lineNumber":2,"author":{"gitId":"gaur-aditya"},"content":"","isFullCredit":false},{"lineNumber":3,"author":{"gitId":"gaur-aditya"},"content":"interface IGithubCommitAuthor {","isFullCredit":false},{"lineNumber":4,"author":{"gitId":"gaur-aditya"},"content":"  name: string","isFullCredit":false},{"lineNumber":5,"author":{"gitId":"gaur-aditya"},"content":"  email: string","isFullCredit":false},{"lineNumber":6,"author":{"gitId":"gaur-aditya"},"content":"  username: string","isFullCredit":false},{"lineNumber":7,"author":{"gitId":"gaur-aditya"},"content":"  avatarUrl: string","isFullCredit":false},{"lineNumber":8,"author":{"gitId":"gaur-aditya"},"content":"  profileUrl: string","isFullCredit":false},{"lineNumber":9,"author":{"gitId":"gaur-aditya"},"content":"}","isFullCredit":false},{"lineNumber":10,"author":{"gitId":"gaur-aditya"},"content":"","isFullCredit":false},{"lineNumber":11,"author":{"gitId":"gaur-aditya"},"content":"interface IGithubCommitFiles {","isFullCredit":false},{"lineNumber":12,"author":{"gitId":"gaur-aditya"},"content":"  filename: string","isFullCredit":false},{"lineNumber":13,"author":{"gitId":"gaur-aditya"},"content":"  content: string","isFullCredit":false},{"lineNumber":14,"author":{"gitId":"gaur-aditya"},"content":"  encoding: string","isFullCredit":false},{"lineNumber":15,"author":{"gitId":"gaur-aditya"},"content":"}","isFullCredit":false},{"lineNumber":16,"author":{"gitId":"gaur-aditya"},"content":"","isFullCredit":false},{"lineNumber":17,"author":{"gitId":"gaur-aditya"},"content":"interface IGithubCommit {","isFullCredit":false},{"lineNumber":18,"author":{"gitId":"gaur-aditya"},"content":"  id: number","isFullCredit":false},{"lineNumber":19,"author":{"gitId":"gaur-aditya"},"content":"  commitId: string","isFullCredit":false},{"lineNumber":20,"author":{"gitId":"gaur-aditya"},"content":"  commitMessage: string","isFullCredit":false},{"lineNumber":21,"author":{"gitId":"gaur-aditya"},"content":"  author: IGithubCommitAuthor","isFullCredit":false},{"lineNumber":22,"author":{"gitId":"gaur-aditya"},"content":"  url: string","isFullCredit":false},{"lineNumber":23,"author":{"gitId":"gaur-aditya"},"content":"  fileChanges: IGithubCommitFiles[]","isFullCredit":false},{"lineNumber":24,"author":{"gitId":"gaur-aditya"},"content":"}","isFullCredit":false},{"lineNumber":25,"author":{"gitId":"gaur-aditya"},"content":"","isFullCredit":false},{"lineNumber":26,"author":{"gitId":"gaur-aditya"},"content":"interface IGithubRepositoryCommit {","isFullCredit":false},{"lineNumber":27,"author":{"gitId":"gaur-aditya"},"content":"  _id: ObjectId","isFullCredit":false},{"lineNumber":28,"author":{"gitId":"gaur-aditya"},"content":"  branchName: string","isFullCredit":false},{"lineNumber":29,"author":{"gitId":"gaur-aditya"},"content":"  branchUrl: string","isFullCredit":false},{"lineNumber":30,"author":{"gitId":"gaur-aditya"},"content":"  parentBranchId: string","isFullCredit":false},{"lineNumber":31,"author":{"gitId":"gaur-aditya"},"content":"  repositoryName: string","isFullCredit":false},{"lineNumber":32,"author":{"gitId":"gaur-aditya"},"content":"  repositoryFullName: string","isFullCredit":false},{"lineNumber":33,"author":{"gitId":"gaur-aditya"},"content":"  repositoryId: number","isFullCredit":false},{"lineNumber":34,"author":{"gitId":"gaur-aditya"},"content":"  commits: IGithubCommit[]","isFullCredit":false},{"lineNumber":35,"author":{"gitId":"gaur-aditya"},"content":"}","isFullCredit":false},{"lineNumber":36,"author":{"gitId":"gaur-aditya"},"content":"","isFullCredit":false},{"lineNumber":37,"author":{"gitId":"gaur-aditya"},"content":"const githubRepositoryCommitCollection \u003d \u0027githubRepositoryCommits\u0027","isFullCredit":false},{"lineNumber":38,"author":{"gitId":"gaur-aditya"},"content":"","isFullCredit":false},{"lineNumber":39,"author":{"gitId":"gaur-aditya"},"content":"export {","isFullCredit":false},{"lineNumber":40,"author":{"gitId":"gaur-aditya"},"content":"  type IGithubRepositoryCommit,","isFullCredit":false},{"lineNumber":41,"author":{"gitId":"gaur-aditya"},"content":"  type IGithubCommit,","isFullCredit":false},{"lineNumber":42,"author":{"gitId":"gaur-aditya"},"content":"  type IGithubCommitAuthor,","isFullCredit":false},{"lineNumber":43,"author":{"gitId":"gaur-aditya"},"content":"  githubRepositoryCommitCollection","isFullCredit":false},{"lineNumber":44,"author":{"gitId":"gaur-aditya"},"content":"}","isFullCredit":false}],"authorContributionMap":{"gaur-aditya":44}},{"path":"src/entities/GithubRepositoryPullRequest.ts","fileType":"ts","lines":[{"lineNumber":1,"author":{"gitId":"gaur-aditya"},"content":"import { type ObjectId } from \u0027mongodb\u0027","isFullCredit":false},{"lineNumber":2,"author":{"gitId":"gaur-aditya"},"content":"import { type IGithubCommitAuthor } from \u0027./GithubRepositoryCommit\u0027","isFullCredit":false},{"lineNumber":3,"author":{"gitId":"gaur-aditya"},"content":"","isFullCredit":false},{"lineNumber":4,"author":{"gitId":"gaur-aditya"},"content":"interface IGithubPullRequestComment {","isFullCredit":false},{"lineNumber":5,"author":{"gitId":"gaur-aditya"},"content":"  comments: string","isFullCredit":false},{"lineNumber":6,"author":{"gitId":"gaur-aditya"},"content":"  url: string","isFullCredit":false},{"lineNumber":7,"author":{"gitId":"gaur-aditya"},"content":"  createdAt: Date","isFullCredit":false},{"lineNumber":8,"author":{"gitId":"gaur-aditya"},"content":"  updatedAt: Date","isFullCredit":false},{"lineNumber":9,"author":{"gitId":"gaur-aditya"},"content":"  author: IGithubCommitAuthor","isFullCredit":false},{"lineNumber":10,"author":{"gitId":"gaur-aditya"},"content":"}","isFullCredit":false},{"lineNumber":11,"author":{"gitId":"gaur-aditya"},"content":"","isFullCredit":false},{"lineNumber":12,"author":{"gitId":"gaur-aditya"},"content":"interface IGithubPullRequest {","isFullCredit":false},{"lineNumber":13,"author":{"gitId":"gaur-aditya"},"content":"  id: number","isFullCredit":false},{"lineNumber":14,"author":{"gitId":"gaur-aditya"},"content":"  pullRequestId: string","isFullCredit":false},{"lineNumber":15,"author":{"gitId":"gaur-aditya"},"content":"  pullRequestTitle: string","isFullCredit":false},{"lineNumber":16,"author":{"gitId":"gaur-aditya"},"content":"  author: IGithubCommitAuthor","isFullCredit":false},{"lineNumber":17,"author":{"gitId":"gaur-aditya"},"content":"  url: string","isFullCredit":false},{"lineNumber":18,"author":{"gitId":"gaur-aditya"},"content":"  diffUrl: string","isFullCredit":false},{"lineNumber":19,"author":{"gitId":"gaur-aditya"},"content":"  status: string","isFullCredit":false},{"lineNumber":20,"author":{"gitId":"gaur-aditya"},"content":"  createdAt: Date","isFullCredit":false},{"lineNumber":21,"author":{"gitId":"gaur-aditya"},"content":"  updatedAt: Date","isFullCredit":false},{"lineNumber":22,"author":{"gitId":"gaur-aditya"},"content":"  closedAt: Date","isFullCredit":false},{"lineNumber":23,"author":{"gitId":"gaur-aditya"},"content":"  mergedAt: Date","isFullCredit":false},{"lineNumber":24,"author":{"gitId":"gaur-aditya"},"content":"  mergeCommitSha: string","isFullCredit":false},{"lineNumber":25,"author":{"gitId":"gaur-aditya"},"content":"  comments?: IGithubPullRequestComment[]","isFullCredit":false},{"lineNumber":26,"author":{"gitId":"gaur-aditya"},"content":"","isFullCredit":false},{"lineNumber":27,"author":{"gitId":"gaur-aditya"},"content":"}","isFullCredit":false},{"lineNumber":28,"author":{"gitId":"gaur-aditya"},"content":"","isFullCredit":false},{"lineNumber":29,"author":{"gitId":"gaur-aditya"},"content":"interface IGithubRepositoryPullRequest {","isFullCredit":false},{"lineNumber":30,"author":{"gitId":"gaur-aditya"},"content":"  _id: ObjectId","isFullCredit":false},{"lineNumber":31,"author":{"gitId":"gaur-aditya"},"content":"  branchName: string","isFullCredit":false},{"lineNumber":32,"author":{"gitId":"gaur-aditya"},"content":"  branchUrl: string","isFullCredit":false},{"lineNumber":33,"author":{"gitId":"gaur-aditya"},"content":"  repositoryName: string","isFullCredit":false},{"lineNumber":34,"author":{"gitId":"gaur-aditya"},"content":"  repositoryFullName: string","isFullCredit":false},{"lineNumber":35,"author":{"gitId":"gaur-aditya"},"content":"  repositoryId: number","isFullCredit":false},{"lineNumber":36,"author":{"gitId":"gaur-aditya"},"content":"  pullRequests: IGithubPullRequest[]","isFullCredit":false},{"lineNumber":37,"author":{"gitId":"gaur-aditya"},"content":"}","isFullCredit":false},{"lineNumber":38,"author":{"gitId":"gaur-aditya"},"content":"","isFullCredit":false},{"lineNumber":39,"author":{"gitId":"gaur-aditya"},"content":"const githubRepositoryPullRequestCollection \u003d \u0027githubRepositoryPullRequests\u0027","isFullCredit":false},{"lineNumber":40,"author":{"gitId":"gaur-aditya"},"content":"","isFullCredit":false},{"lineNumber":41,"author":{"gitId":"gaur-aditya"},"content":"export {","isFullCredit":false},{"lineNumber":42,"author":{"gitId":"gaur-aditya"},"content":"  type IGithubRepositoryPullRequest,","isFullCredit":false},{"lineNumber":43,"author":{"gitId":"gaur-aditya"},"content":"  type IGithubPullRequest,","isFullCredit":false},{"lineNumber":44,"author":{"gitId":"gaur-aditya"},"content":"  githubRepositoryPullRequestCollection","isFullCredit":false},{"lineNumber":45,"author":{"gitId":"gaur-aditya"},"content":"}","isFullCredit":false}],"authorContributionMap":{"gaur-aditya":45}},{"path":"src/entities/Goal.ts","fileType":"ts","lines":[{"lineNumber":1,"author":{"gitId":"-"},"content":"import { type ObjectId } from \u0027mongodb\u0027","isFullCredit":false},{"lineNumber":2,"author":{"gitId":"-"},"content":"import { ActiveStatus } from \u0027../enums/ActiveStatus\u0027","isFullCredit":false},{"lineNumber":3,"author":{"gitId":"-"},"content":"import { connectToDb } from \u0027@codewalla_india/coachwalla-mongodb-utils\u0027","isFullCredit":false},{"lineNumber":4,"author":{"gitId":"-"},"content":"import { type IScoreCardCategory } from \u0027./ScoreCard\u0027","isFullCredit":false},{"lineNumber":5,"author":{"gitId":"-"},"content":"import { type ChatStatus } from \u0027../enums/ChatStatus\u0027","isFullCredit":false},{"lineNumber":6,"author":{"gitId":"-"},"content":"import { type GoalStatus } from \u0027../enums/GoalStatus\u0027","isFullCredit":false},{"lineNumber":7,"author":{"gitId":"-"},"content":"","isFullCredit":false},{"lineNumber":8,"author":{"gitId":"-"},"content":"interface IChat {","isFullCredit":false},{"lineNumber":9,"author":{"gitId":"-"},"content":"  sender: string","isFullCredit":false},{"lineNumber":10,"author":{"gitId":"-"},"content":"  senderName: string","isFullCredit":false},{"lineNumber":11,"author":{"gitId":"-"},"content":"  message: string","isFullCredit":false},{"lineNumber":12,"author":{"gitId":"-"},"content":"  timestamp: Date","isFullCredit":false},{"lineNumber":13,"author":{"gitId":"-"},"content":"  status: ChatStatus","isFullCredit":false},{"lineNumber":14,"author":{"gitId":"-"},"content":"  isComment: boolean","isFullCredit":false},{"lineNumber":15,"author":{"gitId":"-"},"content":"}","isFullCredit":false},{"lineNumber":16,"author":{"gitId":"-"},"content":"","isFullCredit":false},{"lineNumber":17,"author":{"gitId":"-"},"content":"interface IGoal {","isFullCredit":false},{"lineNumber":18,"author":{"gitId":"-"},"content":"  _id: ObjectId","isFullCredit":false},{"lineNumber":19,"author":{"gitId":"-"},"content":"  goalName: string","isFullCredit":false},{"lineNumber":20,"author":{"gitId":"-"},"content":"  managerFeedback: string","isFullCredit":false},{"lineNumber":21,"author":{"gitId":"-"},"content":"  rating: string","isFullCredit":false},{"lineNumber":22,"author":{"gitId":"-"},"content":"  createdDate: Date","isFullCredit":false},{"lineNumber":23,"author":{"gitId":"-"},"content":"  isMeasurable: string","isFullCredit":false},{"lineNumber":24,"author":{"gitId":"-"},"content":"  isIdeal: string","isFullCredit":false},{"lineNumber":25,"author":{"gitId":"-"},"content":"  targetDate: Date","isFullCredit":false},{"lineNumber":26,"author":{"gitId":"-"},"content":"  managerId: string","isFullCredit":false},{"lineNumber":27,"author":{"gitId":"-"},"content":"  userId: string","isFullCredit":false},{"lineNumber":28,"author":{"gitId":"-"},"content":"  cycle: string[]","isFullCredit":false},{"lineNumber":29,"author":{"gitId":"-"},"content":"  updatedDate: Date","isFullCredit":false},{"lineNumber":30,"author":{"gitId":"-"},"content":"  updatedBy: string","isFullCredit":false},{"lineNumber":31,"author":{"gitId":"-"},"content":"  category: IScoreCardCategory","isFullCredit":false},{"lineNumber":32,"author":{"gitId":"-"},"content":"  userFeedback: string","isFullCredit":false},{"lineNumber":33,"author":{"gitId":"-"},"content":"  submitted: ActiveStatus","isFullCredit":false},{"lineNumber":34,"author":{"gitId":"-"},"content":"  active: ActiveStatus","isFullCredit":false},{"lineNumber":35,"author":{"gitId":"-"},"content":"  chats?: IChat[]","isFullCredit":false},{"lineNumber":36,"author":{"gitId":"-"},"content":"  accepted: ActiveStatus","isFullCredit":false},{"lineNumber":37,"author":{"gitId":"-"},"content":"  status: GoalStatus","isFullCredit":false},{"lineNumber":38,"author":{"gitId":"-"},"content":"  rejected: ActiveStatus","isFullCredit":false},{"lineNumber":39,"author":{"gitId":"gaur-aditya"},"content":"  hasWatched: ActiveStatus","isFullCredit":false},{"lineNumber":40,"author":{"gitId":"gaur-aditya"},"content":"  githubRepositories: string[]","isFullCredit":false},{"lineNumber":41,"author":{"gitId":"gaur-aditya"},"content":"  githubBranches: string[]","isFullCredit":false},{"lineNumber":42,"author":{"gitId":"gaur-aditya"},"content":"  githubUsername: string","isFullCredit":false},{"lineNumber":43,"author":{"gitId":"shagufta hannure"},"content":"  isAnimated: boolean","isFullCredit":false},{"lineNumber":44,"author":{"gitId":"-"},"content":"}","isFullCredit":false},{"lineNumber":45,"author":{"gitId":"-"},"content":"","isFullCredit":false},{"lineNumber":46,"author":{"gitId":"-"},"content":"const goalsCollection \u003d \u0027goalsCollection\u0027","isFullCredit":false},{"lineNumber":47,"author":{"gitId":"-"},"content":"","isFullCredit":false},{"lineNumber":48,"author":{"gitId":"-"},"content":"async function createGoalCollection (): Promise\u003cvoid\u003e {","isFullCredit":false},{"lineNumber":49,"author":{"gitId":"-"},"content":"  try {","isFullCredit":false},{"lineNumber":50,"author":{"gitId":"-"},"content":"    const database \u003d await connectToDb()","isFullCredit":false},{"lineNumber":51,"author":{"gitId":"-"},"content":"","isFullCredit":false},{"lineNumber":52,"author":{"gitId":"-"},"content":"    // Create a collection","isFullCredit":false},{"lineNumber":53,"author":{"gitId":"-"},"content":"    const options \u003d {","isFullCredit":false},{"lineNumber":54,"author":{"gitId":"-"},"content":"      validator: {","isFullCredit":false},{"lineNumber":55,"author":{"gitId":"-"},"content":"        $jsonSchema: {","isFullCredit":false},{"lineNumber":56,"author":{"gitId":"-"},"content":"          bsonType: \u0027object\u0027,","isFullCredit":false},{"lineNumber":57,"author":{"gitId":"-"},"content":"          required: [\u0027_id\u0027, \u0027goalName\u0027, \u0027managerId\u0027, \u0027userId\u0027, \u0027updatedDate\u0027, \u0027updatedBy\u0027, \u0027submitted\u0027],","isFullCredit":false},{"lineNumber":58,"author":{"gitId":"-"},"content":"          properties: {","isFullCredit":false},{"lineNumber":59,"author":{"gitId":"-"},"content":"            _id: {","isFullCredit":false},{"lineNumber":60,"author":{"gitId":"-"},"content":"              bsonType: \u0027objectId\u0027","isFullCredit":false},{"lineNumber":61,"author":{"gitId":"-"},"content":"            },","isFullCredit":false},{"lineNumber":62,"author":{"gitId":"-"},"content":"            goalName: {","isFullCredit":false},{"lineNumber":63,"author":{"gitId":"-"},"content":"              bsonType: \u0027string\u0027","isFullCredit":false},{"lineNumber":64,"author":{"gitId":"-"},"content":"            },","isFullCredit":false},{"lineNumber":65,"author":{"gitId":"-"},"content":"            managerFeedback: {","isFullCredit":false},{"lineNumber":66,"author":{"gitId":"-"},"content":"              bsonType: \u0027string\u0027","isFullCredit":false},{"lineNumber":67,"author":{"gitId":"-"},"content":"            },","isFullCredit":false},{"lineNumber":68,"author":{"gitId":"-"},"content":"            rating: {","isFullCredit":false},{"lineNumber":69,"author":{"gitId":"-"},"content":"              bsonType: \u0027string\u0027","isFullCredit":false},{"lineNumber":70,"author":{"gitId":"-"},"content":"            },","isFullCredit":false},{"lineNumber":71,"author":{"gitId":"-"},"content":"            createdDate: {","isFullCredit":false},{"lineNumber":72,"author":{"gitId":"-"},"content":"              bsonType: \u0027date\u0027","isFullCredit":false},{"lineNumber":73,"author":{"gitId":"-"},"content":"            },","isFullCredit":false},{"lineNumber":74,"author":{"gitId":"-"},"content":"            isMeasurable: {","isFullCredit":false},{"lineNumber":75,"author":{"gitId":"-"},"content":"              bsonType: \u0027string\u0027","isFullCredit":false},{"lineNumber":76,"author":{"gitId":"-"},"content":"            },","isFullCredit":false},{"lineNumber":77,"author":{"gitId":"-"},"content":"            isIdeal: {","isFullCredit":false},{"lineNumber":78,"author":{"gitId":"-"},"content":"              bsonType: \u0027string\u0027","isFullCredit":false},{"lineNumber":79,"author":{"gitId":"-"},"content":"            },","isFullCredit":false},{"lineNumber":80,"author":{"gitId":"-"},"content":"            managerId: {","isFullCredit":false},{"lineNumber":81,"author":{"gitId":"-"},"content":"              bsonType: \u0027string\u0027","isFullCredit":false},{"lineNumber":82,"author":{"gitId":"-"},"content":"            },","isFullCredit":false},{"lineNumber":83,"author":{"gitId":"-"},"content":"            userId: {","isFullCredit":false},{"lineNumber":84,"author":{"gitId":"-"},"content":"              bsonType: \u0027string\u0027","isFullCredit":false},{"lineNumber":85,"author":{"gitId":"-"},"content":"            },","isFullCredit":false},{"lineNumber":86,"author":{"gitId":"-"},"content":"            cycle: {","isFullCredit":false},{"lineNumber":87,"author":{"gitId":"-"},"content":"              bsonType: \u0027array\u0027","isFullCredit":false},{"lineNumber":88,"author":{"gitId":"-"},"content":"            },","isFullCredit":false},{"lineNumber":89,"author":{"gitId":"-"},"content":"            updatedDate: {","isFullCredit":false},{"lineNumber":90,"author":{"gitId":"-"},"content":"              bsonType: \u0027date\u0027","isFullCredit":false},{"lineNumber":91,"author":{"gitId":"-"},"content":"            },","isFullCredit":false},{"lineNumber":92,"author":{"gitId":"-"},"content":"            updatedBy: {","isFullCredit":false},{"lineNumber":93,"author":{"gitId":"-"},"content":"              bsonType: \u0027string\u0027","isFullCredit":false},{"lineNumber":94,"author":{"gitId":"-"},"content":"            },","isFullCredit":false},{"lineNumber":95,"author":{"gitId":"-"},"content":"            categoryName: {","isFullCredit":false},{"lineNumber":96,"author":{"gitId":"-"},"content":"              bsonType: \u0027string\u0027","isFullCredit":false},{"lineNumber":97,"author":{"gitId":"-"},"content":"            },","isFullCredit":false},{"lineNumber":98,"author":{"gitId":"-"},"content":"            userFeedback: {","isFullCredit":false},{"lineNumber":99,"author":{"gitId":"-"},"content":"              bsonType: \u0027string\u0027","isFullCredit":false},{"lineNumber":100,"author":{"gitId":"-"},"content":"            },","isFullCredit":false},{"lineNumber":101,"author":{"gitId":"shagufta hannure"},"content":"            isAnimated: {","isFullCredit":false},{"lineNumber":102,"author":{"gitId":"shagufta hannure"},"content":"              bsonType: \u0027bool\u0027","isFullCredit":false},{"lineNumber":103,"author":{"gitId":"shagufta hannure"},"content":"            },","isFullCredit":false},{"lineNumber":104,"author":{"gitId":"-"},"content":"            submitted: {","isFullCredit":false},{"lineNumber":105,"author":{"gitId":"-"},"content":"              enum: Object.values(ActiveStatus),","isFullCredit":false},{"lineNumber":106,"author":{"gitId":"-"},"content":"              bsonType: \u0027string\u0027","isFullCredit":false},{"lineNumber":107,"author":{"gitId":"-"},"content":"            },","isFullCredit":false},{"lineNumber":108,"author":{"gitId":"-"},"content":"            active: {","isFullCredit":false},{"lineNumber":109,"author":{"gitId":"-"},"content":"              enum: Object.values(ActiveStatus),","isFullCredit":false},{"lineNumber":110,"author":{"gitId":"-"},"content":"              bsonType: \u0027string\u0027","isFullCredit":false},{"lineNumber":111,"author":{"gitId":"-"},"content":"            }","isFullCredit":false},{"lineNumber":112,"author":{"gitId":"-"},"content":"          }","isFullCredit":false},{"lineNumber":113,"author":{"gitId":"-"},"content":"        }","isFullCredit":false},{"lineNumber":114,"author":{"gitId":"-"},"content":"      }","isFullCredit":false},{"lineNumber":115,"author":{"gitId":"-"},"content":"    }","isFullCredit":false},{"lineNumber":116,"author":{"gitId":"-"},"content":"    const collection \u003d await database.createCollection\u003cIGoal\u003e(goalsCollection, options)","isFullCredit":false},{"lineNumber":117,"author":{"gitId":"-"},"content":"    console.log(`Collection created with the name \u0027${collection.collectionName}\u0027`)","isFullCredit":false},{"lineNumber":118,"author":{"gitId":"-"},"content":"  } catch (error) {","isFullCredit":false},{"lineNumber":119,"author":{"gitId":"-"},"content":"    console.error(`Error in creating Appraisal Card : ${String(error)}`)","isFullCredit":false},{"lineNumber":120,"author":{"gitId":"-"},"content":"  }","isFullCredit":false},{"lineNumber":121,"author":{"gitId":"-"},"content":"}","isFullCredit":false},{"lineNumber":122,"author":{"gitId":"-"},"content":"","isFullCredit":false},{"lineNumber":123,"author":{"gitId":"-"},"content":"export { type IGoal, goalsCollection, createGoalCollection, type IChat }","isFullCredit":false}],"authorContributionMap":{"gaur-aditya":4,"-":115,"shagufta hannure":4}},{"path":"src/entities/User.ts","fileType":"ts","lines":[{"lineNumber":1,"author":{"gitId":"-"},"content":"import { type ObjectId } from \u0027mongodb\u0027","isFullCredit":false},{"lineNumber":2,"author":{"gitId":"-"},"content":"import { type CategoryRating } from \u0027../dto/CategoryRating\u0027","isFullCredit":false},{"lineNumber":3,"author":{"gitId":"-"},"content":"import { ActiveStatus } from \u0027../enums/ActiveStatus\u0027","isFullCredit":false},{"lineNumber":4,"author":{"gitId":"-"},"content":"import { VerificationStatus } from \u0027../enums/VerificationStatus\u0027","isFullCredit":false},{"lineNumber":5,"author":{"gitId":"-"},"content":"import { Role } from \u0027../modules/Role\u0027","isFullCredit":false},{"lineNumber":6,"author":{"gitId":"-"},"content":"import { connectToDb } from \u0027@codewalla_india/coachwalla-mongodb-utils\u0027","isFullCredit":false},{"lineNumber":7,"author":{"gitId":"-"},"content":"import { type IRole } from \u0027./Role\u0027","isFullCredit":false},{"lineNumber":8,"author":{"gitId":"-"},"content":"","isFullCredit":false},{"lineNumber":9,"author":{"gitId":"-"},"content":"interface IUser {","isFullCredit":false},{"lineNumber":10,"author":{"gitId":"-"},"content":"  _id: ObjectId","isFullCredit":false},{"lineNumber":11,"author":{"gitId":"-"},"content":"  firstName: string","isFullCredit":false},{"lineNumber":12,"author":{"gitId":"-"},"content":"  lastName: string","isFullCredit":false},{"lineNumber":13,"author":{"gitId":"-"},"content":"  email: string","isFullCredit":false},{"lineNumber":14,"author":{"gitId":"-"},"content":"  isManager: boolean","isFullCredit":false},{"lineNumber":15,"author":{"gitId":"-"},"content":"  managerIds: ObjectId[]","isFullCredit":false},{"lineNumber":16,"author":{"gitId":"-"},"content":"  dateHired: Date","isFullCredit":false},{"lineNumber":17,"author":{"gitId":"-"},"content":"  departmentIds: ObjectId[]","isFullCredit":false},{"lineNumber":18,"author":{"gitId":"-"},"content":"  projectIds: ObjectId[]","isFullCredit":false},{"lineNumber":19,"author":{"gitId":"-"},"content":"  teamIds: ObjectId[]","isFullCredit":false},{"lineNumber":20,"author":{"gitId":"-"},"content":"  jobTitle: string","isFullCredit":false},{"lineNumber":21,"author":{"gitId":"-"},"content":"  dateOfBirth: Date","isFullCredit":false},{"lineNumber":22,"author":{"gitId":"-"},"content":"  address: string","isFullCredit":false},{"lineNumber":23,"author":{"gitId":"-"},"content":"  employeeId: string","isFullCredit":false},{"lineNumber":24,"author":{"gitId":"-"},"content":"  phoneNumber: string","isFullCredit":false},{"lineNumber":25,"author":{"gitId":"-"},"content":"  role: IRole","isFullCredit":false},{"lineNumber":26,"author":{"gitId":"-"},"content":"  verified: VerificationStatus","isFullCredit":false},{"lineNumber":27,"author":{"gitId":"-"},"content":"  active: ActiveStatus","isFullCredit":false},{"lineNumber":28,"author":{"gitId":"-"},"content":"  topCategory: CategoryRating","isFullCredit":false},{"lineNumber":29,"author":{"gitId":"-"},"content":"  careerGoal: string","isFullCredit":false},{"lineNumber":30,"author":{"gitId":"-"},"content":"  refinedCareerGoal: string","isFullCredit":false},{"lineNumber":31,"author":{"gitId":"-"},"content":"  submittedCareerGoal: boolean","isFullCredit":false},{"lineNumber":32,"author":{"gitId":"rohits04"},"content":"  profileImg: string","isFullCredit":false},{"lineNumber":33,"author":{"gitId":"-"},"content":"}","isFullCredit":false},{"lineNumber":34,"author":{"gitId":"-"},"content":"","isFullCredit":false},{"lineNumber":35,"author":{"gitId":"-"},"content":"const usersCollection \u003d \u0027users\u0027","isFullCredit":false},{"lineNumber":36,"author":{"gitId":"-"},"content":"","isFullCredit":false},{"lineNumber":37,"author":{"gitId":"-"},"content":"async function createUserCollection (): Promise\u003cvoid\u003e {","isFullCredit":false},{"lineNumber":38,"author":{"gitId":"-"},"content":"  try {","isFullCredit":false},{"lineNumber":39,"author":{"gitId":"-"},"content":"    const database \u003d await connectToDb()","isFullCredit":false},{"lineNumber":40,"author":{"gitId":"-"},"content":"","isFullCredit":false},{"lineNumber":41,"author":{"gitId":"-"},"content":"    // Create a collection","isFullCredit":false},{"lineNumber":42,"author":{"gitId":"-"},"content":"    const options \u003d {","isFullCredit":false},{"lineNumber":43,"author":{"gitId":"-"},"content":"      validator: {","isFullCredit":false},{"lineNumber":44,"author":{"gitId":"-"},"content":"        $jsonSchema: {","isFullCredit":false},{"lineNumber":45,"author":{"gitId":"-"},"content":"          bsonType: \u0027object\u0027,","isFullCredit":false},{"lineNumber":46,"author":{"gitId":"-"},"content":"          required: [\u0027_id\u0027, \u0027firstName\u0027, \u0027lastName\u0027, \u0027email\u0027, \u0027dateHired\u0027, \u0027jobTitle\u0027, \u0027dateOfBirth\u0027, \u0027address\u0027, \u0027employeeId\u0027, \u0027phoneNumber\u0027, \u0027role\u0027, \u0027verified\u0027, \u0027active\u0027],","isFullCredit":false},{"lineNumber":47,"author":{"gitId":"-"},"content":"          properties: {","isFullCredit":false},{"lineNumber":48,"author":{"gitId":"-"},"content":"            _id: {","isFullCredit":false},{"lineNumber":49,"author":{"gitId":"-"},"content":"              bsonType: \u0027objectId\u0027","isFullCredit":false},{"lineNumber":50,"author":{"gitId":"-"},"content":"            },","isFullCredit":false},{"lineNumber":51,"author":{"gitId":"-"},"content":"            firstName: {","isFullCredit":false},{"lineNumber":52,"author":{"gitId":"-"},"content":"              bsonType: \u0027string\u0027","isFullCredit":false},{"lineNumber":53,"author":{"gitId":"-"},"content":"            },","isFullCredit":false},{"lineNumber":54,"author":{"gitId":"-"},"content":"            lastName: {","isFullCredit":false},{"lineNumber":55,"author":{"gitId":"-"},"content":"              bsonType: \u0027string\u0027","isFullCredit":false},{"lineNumber":56,"author":{"gitId":"-"},"content":"            },","isFullCredit":false},{"lineNumber":57,"author":{"gitId":"-"},"content":"            email: {","isFullCredit":false},{"lineNumber":58,"author":{"gitId":"-"},"content":"              bsonType: \u0027string\u0027","isFullCredit":false},{"lineNumber":59,"author":{"gitId":"-"},"content":"            },","isFullCredit":false},{"lineNumber":60,"author":{"gitId":"-"},"content":"            isManager: {","isFullCredit":false},{"lineNumber":61,"author":{"gitId":"-"},"content":"              bsonType: \u0027bool\u0027","isFullCredit":false},{"lineNumber":62,"author":{"gitId":"-"},"content":"            },","isFullCredit":false},{"lineNumber":63,"author":{"gitId":"-"},"content":"            managerIds: {","isFullCredit":false},{"lineNumber":64,"author":{"gitId":"-"},"content":"              bsonType: \u0027array\u0027","isFullCredit":false},{"lineNumber":65,"author":{"gitId":"-"},"content":"            },","isFullCredit":false},{"lineNumber":66,"author":{"gitId":"-"},"content":"            dateHired: {","isFullCredit":false},{"lineNumber":67,"author":{"gitId":"-"},"content":"              bsonType: \u0027date\u0027","isFullCredit":false},{"lineNumber":68,"author":{"gitId":"-"},"content":"            },","isFullCredit":false},{"lineNumber":69,"author":{"gitId":"-"},"content":"            departmentIds: {","isFullCredit":false},{"lineNumber":70,"author":{"gitId":"-"},"content":"              bsonType: \u0027array\u0027","isFullCredit":false},{"lineNumber":71,"author":{"gitId":"-"},"content":"            },","isFullCredit":false},{"lineNumber":72,"author":{"gitId":"-"},"content":"            projectIds: {","isFullCredit":false},{"lineNumber":73,"author":{"gitId":"-"},"content":"              bsonType: \u0027array\u0027","isFullCredit":false},{"lineNumber":74,"author":{"gitId":"-"},"content":"            },","isFullCredit":false},{"lineNumber":75,"author":{"gitId":"-"},"content":"            teamIds: {","isFullCredit":false},{"lineNumber":76,"author":{"gitId":"-"},"content":"              bsonType: \u0027array\u0027","isFullCredit":false},{"lineNumber":77,"author":{"gitId":"-"},"content":"            },","isFullCredit":false},{"lineNumber":78,"author":{"gitId":"-"},"content":"            jobTitle: {","isFullCredit":false},{"lineNumber":79,"author":{"gitId":"-"},"content":"              bsonType: \u0027string\u0027","isFullCredit":false},{"lineNumber":80,"author":{"gitId":"-"},"content":"            },","isFullCredit":false},{"lineNumber":81,"author":{"gitId":"-"},"content":"            dateOfBirth: {","isFullCredit":false},{"lineNumber":82,"author":{"gitId":"-"},"content":"              bsonType: \u0027date\u0027","isFullCredit":false},{"lineNumber":83,"author":{"gitId":"-"},"content":"            },","isFullCredit":false},{"lineNumber":84,"author":{"gitId":"-"},"content":"            address: {","isFullCredit":false},{"lineNumber":85,"author":{"gitId":"-"},"content":"              bsonType: \u0027string\u0027","isFullCredit":false},{"lineNumber":86,"author":{"gitId":"-"},"content":"            },","isFullCredit":false},{"lineNumber":87,"author":{"gitId":"-"},"content":"            employeeId: {","isFullCredit":false},{"lineNumber":88,"author":{"gitId":"-"},"content":"              bsonType: \u0027string\u0027","isFullCredit":false},{"lineNumber":89,"author":{"gitId":"-"},"content":"            },","isFullCredit":false},{"lineNumber":90,"author":{"gitId":"-"},"content":"            phoneNumber: {","isFullCredit":false},{"lineNumber":91,"author":{"gitId":"-"},"content":"              bsonType: \u0027string\u0027","isFullCredit":false},{"lineNumber":92,"author":{"gitId":"-"},"content":"            },","isFullCredit":false},{"lineNumber":93,"author":{"gitId":"-"},"content":"            role: {","isFullCredit":false},{"lineNumber":94,"author":{"gitId":"-"},"content":"              bsonType: Role","isFullCredit":false},{"lineNumber":95,"author":{"gitId":"-"},"content":"            },","isFullCredit":false},{"lineNumber":96,"author":{"gitId":"-"},"content":"            verified: {","isFullCredit":false},{"lineNumber":97,"author":{"gitId":"-"},"content":"              enum: Object.values(VerificationStatus),","isFullCredit":false},{"lineNumber":98,"author":{"gitId":"-"},"content":"              bsonType: \u0027string\u0027","isFullCredit":false},{"lineNumber":99,"author":{"gitId":"-"},"content":"            },","isFullCredit":false},{"lineNumber":100,"author":{"gitId":"-"},"content":"            active: {","isFullCredit":false},{"lineNumber":101,"author":{"gitId":"-"},"content":"              enum: Object.values(ActiveStatus),","isFullCredit":false},{"lineNumber":102,"author":{"gitId":"-"},"content":"              bsonType: \u0027string\u0027","isFullCredit":false},{"lineNumber":103,"author":{"gitId":"-"},"content":"            },","isFullCredit":false},{"lineNumber":104,"author":{"gitId":"-"},"content":"            topCategory: {","isFullCredit":false},{"lineNumber":105,"author":{"gitId":"-"},"content":"              bsonType: \u0027object\u0027","isFullCredit":false},{"lineNumber":106,"author":{"gitId":"-"},"content":"            },","isFullCredit":false},{"lineNumber":107,"author":{"gitId":"-"},"content":"            highestCategories: {","isFullCredit":false},{"lineNumber":108,"author":{"gitId":"-"},"content":"              bsonType: \u0027array\u0027","isFullCredit":false},{"lineNumber":109,"author":{"gitId":"-"},"content":"            },","isFullCredit":false},{"lineNumber":110,"author":{"gitId":"-"},"content":"            lowestCategories: {","isFullCredit":false},{"lineNumber":111,"author":{"gitId":"-"},"content":"              bsonType: \u0027array\u0027","isFullCredit":false},{"lineNumber":112,"author":{"gitId":"rohits04"},"content":"            },","isFullCredit":false},{"lineNumber":113,"author":{"gitId":"rohits04"},"content":"            profileImg: {","isFullCredit":false},{"lineNumber":114,"author":{"gitId":"rohits04"},"content":"              bsonType: \u0027string\u0027","isFullCredit":false},{"lineNumber":115,"author":{"gitId":"-"},"content":"            }","isFullCredit":false},{"lineNumber":116,"author":{"gitId":"-"},"content":"          }","isFullCredit":false},{"lineNumber":117,"author":{"gitId":"-"},"content":"        }","isFullCredit":false},{"lineNumber":118,"author":{"gitId":"-"},"content":"      }","isFullCredit":false},{"lineNumber":119,"author":{"gitId":"-"},"content":"    }","isFullCredit":false},{"lineNumber":120,"author":{"gitId":"-"},"content":"    const collection \u003d await database.createCollection\u003cIUser\u003e(usersCollection, options)","isFullCredit":false},{"lineNumber":121,"author":{"gitId":"-"},"content":"","isFullCredit":false},{"lineNumber":122,"author":{"gitId":"-"},"content":"    // Create unique indexes","isFullCredit":false},{"lineNumber":123,"author":{"gitId":"-"},"content":"    await collection.createIndex({ email: 1 }, { unique: true })","isFullCredit":false},{"lineNumber":124,"author":{"gitId":"-"},"content":"    await collection.createIndex({ employeeId: 1 }, { unique: true })","isFullCredit":false},{"lineNumber":125,"author":{"gitId":"-"},"content":"  } catch (error) {","isFullCredit":false},{"lineNumber":126,"author":{"gitId":"-"},"content":"    console.error(`Error in creating Appraisal Card : ${String(error)}`)","isFullCredit":false},{"lineNumber":127,"author":{"gitId":"-"},"content":"  }","isFullCredit":false},{"lineNumber":128,"author":{"gitId":"-"},"content":"}","isFullCredit":false},{"lineNumber":129,"author":{"gitId":"-"},"content":"","isFullCredit":false},{"lineNumber":130,"author":{"gitId":"-"},"content":"export { type IUser, usersCollection, createUserCollection }","isFullCredit":false}],"authorContributionMap":{"-":126,"rohits04":4}},{"path":"src/modules/CoachingEvent.ts","fileType":"ts","lines":[{"lineNumber":1,"author":{"gitId":"-"},"content":"import { type ObjectId } from \u0027mongodb\u0027","isFullCredit":false},{"lineNumber":2,"author":{"gitId":"-"},"content":"import { type AssistantResponse } from \u0027../dto/AssistantResponse\u0027","isFullCredit":false},{"lineNumber":3,"author":{"gitId":"gaur-aditya"},"content":"import { type ICoachingEvent } from \u0027../entities/CoachingEvent\u0027","isFullCredit":false},{"lineNumber":4,"author":{"gitId":"-"},"content":"import { ActiveStatus } from \u0027../enums/ActiveStatus\u0027","isFullCredit":false},{"lineNumber":5,"author":{"gitId":"-"},"content":"","isFullCredit":false},{"lineNumber":6,"author":{"gitId":"gaur-aditya"},"content":"export class CoachingEvent implements ICoachingEvent {","isFullCredit":false},{"lineNumber":7,"author":{"gitId":"-"},"content":"  _id!: ObjectId","isFullCredit":false},{"lineNumber":8,"author":{"gitId":"-"},"content":"  managerId!: string","isFullCredit":false},{"lineNumber":9,"author":{"gitId":"-"},"content":"  attendeeIds!: string[]","isFullCredit":false},{"lineNumber":10,"author":{"gitId":"-"},"content":"  attendeeNames!: string[]","isFullCredit":false},{"lineNumber":11,"author":{"gitId":"-"},"content":"  meetingLink!: string","isFullCredit":false},{"lineNumber":12,"author":{"gitId":"-"},"content":"  meetingDate!: Date","isFullCredit":false},{"lineNumber":13,"author":{"gitId":"-"},"content":"  meetingStartTime!: string","isFullCredit":false},{"lineNumber":14,"author":{"gitId":"-"},"content":"  meetingEndTime!: string","isFullCredit":false},{"lineNumber":15,"author":{"gitId":"-"},"content":"  topics!: string[]","isFullCredit":false},{"lineNumber":16,"author":{"gitId":"-"},"content":"  agenda!: AssistantResponse","isFullCredit":false},{"lineNumber":17,"author":{"gitId":"-"},"content":"  active: ActiveStatus \u003d ActiveStatus.Yes","isFullCredit":false},{"lineNumber":18,"author":{"gitId":"-"},"content":"}","isFullCredit":false}],"authorContributionMap":{"gaur-aditya":2,"-":16}},{"path":"src/modules/CoachingEventUrls.ts","fileType":"ts","lines":[{"lineNumber":1,"author":{"gitId":"dhiraj-codewalla"},"content":"import { type ObjectId } from \u0027mongodb\u0027","isFullCredit":false},{"lineNumber":2,"author":{"gitId":"dhiraj-codewalla"},"content":"import { type IEventUrl, type ICoachingEventUrls } from \u0027../entities/CoachingEventUrls\u0027","isFullCredit":false},{"lineNumber":3,"author":{"gitId":"dhiraj-codewalla"},"content":"","isFullCredit":false},{"lineNumber":4,"author":{"gitId":"dhiraj-codewalla"},"content":"export class CoachingEventUrl implements ICoachingEventUrls {","isFullCredit":false},{"lineNumber":5,"author":{"gitId":"dhiraj-codewalla"},"content":"  _id!: ObjectId","isFullCredit":false},{"lineNumber":6,"author":{"gitId":"dhiraj-codewalla"},"content":"  managerId!: string","isFullCredit":false},{"lineNumber":7,"author":{"gitId":"dhiraj-codewalla"},"content":"  eventUrls!: IEventUrl[]","isFullCredit":false},{"lineNumber":8,"author":{"gitId":"dhiraj-codewalla"},"content":"}","isFullCredit":false}],"authorContributionMap":{"dhiraj-codewalla":8}},{"path":"src/modules/GithubInstallation.ts","fileType":"ts","lines":[{"lineNumber":1,"author":{"gitId":"gaur-aditya"},"content":"import { type ObjectId } from \u0027mongodb\u0027","isFullCredit":false},{"lineNumber":2,"author":{"gitId":"gaur-aditya"},"content":"import { type IGithubInstallation, type IGithubInstallationRepository } from \u0027../entities/GithubInstallation\u0027","isFullCredit":false},{"lineNumber":3,"author":{"gitId":"gaur-aditya"},"content":"import { type ActiveStatus } from \u0027../enums/ActiveStatus\u0027","isFullCredit":false},{"lineNumber":4,"author":{"gitId":"gaur-aditya"},"content":"","isFullCredit":false},{"lineNumber":5,"author":{"gitId":"gaur-aditya"},"content":"export class GithubInstallation implements IGithubInstallation {","isFullCredit":false},{"lineNumber":6,"author":{"gitId":"gaur-aditya"},"content":"  _id!: ObjectId","isFullCredit":false},{"lineNumber":7,"author":{"gitId":"gaur-aditya"},"content":"  installationId!: number","isFullCredit":false},{"lineNumber":8,"author":{"gitId":"gaur-aditya"},"content":"  action!: string","isFullCredit":false},{"lineNumber":9,"author":{"gitId":"gaur-aditya"},"content":"  active!: ActiveStatus","isFullCredit":false},{"lineNumber":10,"author":{"gitId":"gaur-aditya"},"content":"  account!: string","isFullCredit":false},{"lineNumber":11,"author":{"gitId":"gaur-aditya"},"content":"  repositorySelection!: string","isFullCredit":false},{"lineNumber":12,"author":{"gitId":"gaur-aditya"},"content":"  accessTokensUrl!: string","isFullCredit":false},{"lineNumber":13,"author":{"gitId":"gaur-aditya"},"content":"  repositoriesUrl!: string","isFullCredit":false},{"lineNumber":14,"author":{"gitId":"gaur-aditya"},"content":"  htmlUrl!: string","isFullCredit":false},{"lineNumber":15,"author":{"gitId":"gaur-aditya"},"content":"  appId!: number","isFullCredit":false},{"lineNumber":16,"author":{"gitId":"gaur-aditya"},"content":"  appSlug!: string","isFullCredit":false},{"lineNumber":17,"author":{"gitId":"gaur-aditya"},"content":"  targetId!: number","isFullCredit":false},{"lineNumber":18,"author":{"gitId":"gaur-aditya"},"content":"  targetType!: string","isFullCredit":false},{"lineNumber":19,"author":{"gitId":"gaur-aditya"},"content":"  permissions!: string","isFullCredit":false},{"lineNumber":20,"author":{"gitId":"gaur-aditya"},"content":"  events!: string[]","isFullCredit":false},{"lineNumber":21,"author":{"gitId":"gaur-aditya"},"content":"  createdAt!: string","isFullCredit":false},{"lineNumber":22,"author":{"gitId":"gaur-aditya"},"content":"  updatedAt!: string","isFullCredit":false},{"lineNumber":23,"author":{"gitId":"gaur-aditya"},"content":"  singleFileName!: string | null","isFullCredit":false},{"lineNumber":24,"author":{"gitId":"gaur-aditya"},"content":"  hasMultipleSingleFiles!: boolean","isFullCredit":false},{"lineNumber":25,"author":{"gitId":"gaur-aditya"},"content":"  repositories!: IGithubInstallationRepository[]","isFullCredit":false},{"lineNumber":26,"author":{"gitId":"gaur-aditya"},"content":"  singleFilePaths!: string[]","isFullCredit":false},{"lineNumber":27,"author":{"gitId":"gaur-aditya"},"content":"  suspendedBy!: string | null","isFullCredit":false},{"lineNumber":28,"author":{"gitId":"gaur-aditya"},"content":"  suspendedAt!: string | null","isFullCredit":false},{"lineNumber":29,"author":{"gitId":"gaur-aditya"},"content":"  sender!: string","isFullCredit":false},{"lineNumber":30,"author":{"gitId":"gaur-aditya"},"content":"}","isFullCredit":false}],"authorContributionMap":{"gaur-aditya":30}},{"path":"src/modules/GithubRepositoryCommit.ts","fileType":"ts","lines":[{"lineNumber":1,"author":{"gitId":"gaur-aditya"},"content":"import { type ObjectId } from \u0027mongodb\u0027","isFullCredit":false},{"lineNumber":2,"author":{"gitId":"gaur-aditya"},"content":"import { type IGithubCommit, type IGithubRepositoryCommit } from \u0027../entities/GithubRepositoryCommit\u0027","isFullCredit":false},{"lineNumber":3,"author":{"gitId":"gaur-aditya"},"content":"","isFullCredit":false},{"lineNumber":4,"author":{"gitId":"gaur-aditya"},"content":"export class GithubRepositoryCommit implements IGithubRepositoryCommit {","isFullCredit":false},{"lineNumber":5,"author":{"gitId":"gaur-aditya"},"content":"  _id!: ObjectId","isFullCredit":false},{"lineNumber":6,"author":{"gitId":"gaur-aditya"},"content":"  branchName!: string","isFullCredit":false},{"lineNumber":7,"author":{"gitId":"gaur-aditya"},"content":"  branchUrl!: string","isFullCredit":false},{"lineNumber":8,"author":{"gitId":"gaur-aditya"},"content":"  parentBranchId!: string","isFullCredit":false},{"lineNumber":9,"author":{"gitId":"gaur-aditya"},"content":"  repositoryName!: string","isFullCredit":false},{"lineNumber":10,"author":{"gitId":"gaur-aditya"},"content":"  repositoryFullName!: string","isFullCredit":false},{"lineNumber":11,"author":{"gitId":"gaur-aditya"},"content":"  repositoryId!: number","isFullCredit":false},{"lineNumber":12,"author":{"gitId":"gaur-aditya"},"content":"  commits!: IGithubCommit[]","isFullCredit":false},{"lineNumber":13,"author":{"gitId":"gaur-aditya"},"content":"}","isFullCredit":false}],"authorContributionMap":{"gaur-aditya":13}},{"path":"src/modules/GithubRepositoryPullRequest.ts","fileType":"ts","lines":[{"lineNumber":1,"author":{"gitId":"gaur-aditya"},"content":"import { type ObjectId } from \u0027mongodb\u0027","isFullCredit":false},{"lineNumber":2,"author":{"gitId":"gaur-aditya"},"content":"import { type IGithubRepositoryPullRequest, type IGithubPullRequest } from \u0027../entities/GithubRepositoryPullRequest\u0027","isFullCredit":false},{"lineNumber":3,"author":{"gitId":"gaur-aditya"},"content":"","isFullCredit":false},{"lineNumber":4,"author":{"gitId":"gaur-aditya"},"content":"export class GithubRepositoryPullRequest implements IGithubRepositoryPullRequest {","isFullCredit":false},{"lineNumber":5,"author":{"gitId":"gaur-aditya"},"content":"  _id!: ObjectId","isFullCredit":false},{"lineNumber":6,"author":{"gitId":"gaur-aditya"},"content":"  branchName!: string","isFullCredit":false},{"lineNumber":7,"author":{"gitId":"gaur-aditya"},"content":"  branchUrl!: string","isFullCredit":false},{"lineNumber":8,"author":{"gitId":"gaur-aditya"},"content":"  repositoryName!: string","isFullCredit":false},{"lineNumber":9,"author":{"gitId":"gaur-aditya"},"content":"  repositoryFullName!: string","isFullCredit":false},{"lineNumber":10,"author":{"gitId":"gaur-aditya"},"content":"  repositoryId!: number","isFullCredit":false},{"lineNumber":11,"author":{"gitId":"gaur-aditya"},"content":"  pullRequests!: IGithubPullRequest[]","isFullCredit":false},{"lineNumber":12,"author":{"gitId":"gaur-aditya"},"content":"}","isFullCredit":false}],"authorContributionMap":{"gaur-aditya":12}},{"path":"src/modules/Goal.ts","fileType":"ts","lines":[{"lineNumber":1,"author":{"gitId":"-"},"content":"import { type ObjectId } from \u0027mongodb\u0027","isFullCredit":false},{"lineNumber":2,"author":{"gitId":"-"},"content":"import { type IChat, type IGoal } from \u0027../entities/Goal\u0027","isFullCredit":false},{"lineNumber":3,"author":{"gitId":"-"},"content":"import { type ActiveStatus } from \u0027../enums/ActiveStatus\u0027","isFullCredit":false},{"lineNumber":4,"author":{"gitId":"-"},"content":"import { type IScoreCardCategory } from \u0027../entities/ScoreCard\u0027","isFullCredit":false},{"lineNumber":5,"author":{"gitId":"-"},"content":"import { type GoalStatus } from \u0027../enums/GoalStatus\u0027","isFullCredit":false},{"lineNumber":6,"author":{"gitId":"-"},"content":"","isFullCredit":false},{"lineNumber":7,"author":{"gitId":"-"},"content":"export class Goal implements IGoal {","isFullCredit":false},{"lineNumber":8,"author":{"gitId":"-"},"content":"  _id!: ObjectId","isFullCredit":false},{"lineNumber":9,"author":{"gitId":"-"},"content":"  goalName!: string","isFullCredit":false},{"lineNumber":10,"author":{"gitId":"-"},"content":"  managerFeedback!: string","isFullCredit":false},{"lineNumber":11,"author":{"gitId":"-"},"content":"  rating!: string","isFullCredit":false},{"lineNumber":12,"author":{"gitId":"-"},"content":"  createdDate!: Date","isFullCredit":false},{"lineNumber":13,"author":{"gitId":"-"},"content":"  isMeasurable!: string","isFullCredit":false},{"lineNumber":14,"author":{"gitId":"-"},"content":"  isIdeal!: string","isFullCredit":false},{"lineNumber":15,"author":{"gitId":"-"},"content":"  targetDate!: Date","isFullCredit":false},{"lineNumber":16,"author":{"gitId":"-"},"content":"  managerId!: string","isFullCredit":false},{"lineNumber":17,"author":{"gitId":"-"},"content":"  userId!: string","isFullCredit":false},{"lineNumber":18,"author":{"gitId":"-"},"content":"  cycle!: string[]","isFullCredit":false},{"lineNumber":19,"author":{"gitId":"-"},"content":"  updatedDate!: Date","isFullCredit":false},{"lineNumber":20,"author":{"gitId":"-"},"content":"  updatedBy!: string","isFullCredit":false},{"lineNumber":21,"author":{"gitId":"-"},"content":"  category!: IScoreCardCategory","isFullCredit":false},{"lineNumber":22,"author":{"gitId":"-"},"content":"  userFeedback!: string","isFullCredit":false},{"lineNumber":23,"author":{"gitId":"-"},"content":"  submitted!: ActiveStatus","isFullCredit":false},{"lineNumber":24,"author":{"gitId":"-"},"content":"  active!: ActiveStatus","isFullCredit":false},{"lineNumber":25,"author":{"gitId":"-"},"content":"  chats!: IChat[]","isFullCredit":false},{"lineNumber":26,"author":{"gitId":"-"},"content":"  accepted!: ActiveStatus","isFullCredit":false},{"lineNumber":27,"author":{"gitId":"-"},"content":"  status!: GoalStatus","isFullCredit":false},{"lineNumber":28,"author":{"gitId":"-"},"content":"  rejected!: ActiveStatus","isFullCredit":false},{"lineNumber":29,"author":{"gitId":"gaur-aditya"},"content":"  hasWatched!: ActiveStatus","isFullCredit":false},{"lineNumber":30,"author":{"gitId":"shagufta hannure"},"content":"  isAnimated!: boolean","isFullCredit":false},{"lineNumber":31,"author":{"gitId":"gaur-aditya"},"content":"  githubRepositories!: string[]","isFullCredit":false},{"lineNumber":32,"author":{"gitId":"gaur-aditya"},"content":"  githubBranches!: string[]","isFullCredit":false},{"lineNumber":33,"author":{"gitId":"gaur-aditya"},"content":"  githubUsername!: string","isFullCredit":false},{"lineNumber":34,"author":{"gitId":"-"},"content":"}","isFullCredit":false}],"authorContributionMap":{"gaur-aditya":4,"-":29,"shagufta hannure":1}},{"path":"src/modules/UserModule.ts","fileType":"ts","lines":[{"lineNumber":1,"author":{"gitId":"-"},"content":"import { type ObjectId } from \u0027mongodb\u0027","isFullCredit":false},{"lineNumber":2,"author":{"gitId":"-"},"content":"import { type IUser } from \u0027../entities/User\u0027","isFullCredit":false},{"lineNumber":3,"author":{"gitId":"-"},"content":"import { type VerificationStatus } from \u0027../enums/VerificationStatus\u0027","isFullCredit":false},{"lineNumber":4,"author":{"gitId":"-"},"content":"import { type ActiveStatus } from \u0027../enums/ActiveStatus\u0027","isFullCredit":false},{"lineNumber":5,"author":{"gitId":"-"},"content":"import { type CategoryRating } from \u0027../dto/CategoryRating\u0027","isFullCredit":false},{"lineNumber":6,"author":{"gitId":"-"},"content":"import { type IRole } from \u0027../entities/Role\u0027","isFullCredit":false},{"lineNumber":7,"author":{"gitId":"-"},"content":"","isFullCredit":false},{"lineNumber":8,"author":{"gitId":"-"},"content":"export class User implements IUser {","isFullCredit":false},{"lineNumber":9,"author":{"gitId":"-"},"content":"  _id!: ObjectId","isFullCredit":false},{"lineNumber":10,"author":{"gitId":"-"},"content":"  firstName!: string","isFullCredit":false},{"lineNumber":11,"author":{"gitId":"-"},"content":"  lastName!: string","isFullCredit":false},{"lineNumber":12,"author":{"gitId":"-"},"content":"  email!: string","isFullCredit":false},{"lineNumber":13,"author":{"gitId":"-"},"content":"  isManager!: boolean","isFullCredit":false},{"lineNumber":14,"author":{"gitId":"-"},"content":"  managerIds!: ObjectId[]","isFullCredit":false},{"lineNumber":15,"author":{"gitId":"-"},"content":"  teamIds!: ObjectId[]","isFullCredit":false},{"lineNumber":16,"author":{"gitId":"-"},"content":"  dateHired!: Date","isFullCredit":false},{"lineNumber":17,"author":{"gitId":"-"},"content":"  departmentIds!: ObjectId[]","isFullCredit":false},{"lineNumber":18,"author":{"gitId":"-"},"content":"  projectIds!: ObjectId[]","isFullCredit":false},{"lineNumber":19,"author":{"gitId":"-"},"content":"  jobTitle!: string","isFullCredit":false},{"lineNumber":20,"author":{"gitId":"-"},"content":"  dateOfBirth!: Date","isFullCredit":false},{"lineNumber":21,"author":{"gitId":"-"},"content":"  address!: string","isFullCredit":false},{"lineNumber":22,"author":{"gitId":"-"},"content":"  employeeId!: string","isFullCredit":false},{"lineNumber":23,"author":{"gitId":"-"},"content":"  phoneNumber!: string","isFullCredit":false},{"lineNumber":24,"author":{"gitId":"-"},"content":"  role!: IRole","isFullCredit":false},{"lineNumber":25,"author":{"gitId":"-"},"content":"  verified!: VerificationStatus","isFullCredit":false},{"lineNumber":26,"author":{"gitId":"-"},"content":"  active!: ActiveStatus","isFullCredit":false},{"lineNumber":27,"author":{"gitId":"-"},"content":"  topCategory!: CategoryRating","isFullCredit":false},{"lineNumber":28,"author":{"gitId":"-"},"content":"  careerGoal!: string","isFullCredit":false},{"lineNumber":29,"author":{"gitId":"-"},"content":"  refinedCareerGoal!: string","isFullCredit":false},{"lineNumber":30,"author":{"gitId":"-"},"content":"  submittedCareerGoal!: boolean","isFullCredit":false},{"lineNumber":31,"author":{"gitId":"rohits04"},"content":"  profileImg!: string","isFullCredit":false},{"lineNumber":32,"author":{"gitId":"-"},"content":"}","isFullCredit":false}],"authorContributionMap":{"-":31,"rohits04":1}}]
