{"authorDailyContributionsMap":{"Aryan-AA":[{"date":"2024-07-30","commitResults":[{"hash":"30b476d31d067130a5541f893a38a8fa8fdcfb85","isMergeCommit":false,"messageTitle":"Added module and entity for delete event API","messageBody":"","fileTypesAndContributionMap":{"json":{"insertions":1,"deletions":1},"ts":{"insertions":7,"deletions":0}}}]}],"dhiraj-codewalla":[{"date":"2024-08-16","commitResults":[{"hash":"edca61fb1d62298a8eb8156d36276572e38fab32","isMergeCommit":false,"messageTitle":"added calendly event types colleciton","messageBody":"","fileTypesAndContributionMap":{"ts":{"insertions":50,"deletions":0}}},{"hash":"12d0364f4318cb8a861e3101059b6ff1fe12258c","isMergeCommit":false,"messageTitle":"added calendly event module","messageBody":"","fileTypesAndContributionMap":{"ts":{"insertions":11,"deletions":3}}},{"hash":"179abaf8696a4a776485cba89dcaa2b0c35dc62f","isMergeCommit":false,"messageTitle":"spelling changes","messageBody":"","fileTypesAndContributionMap":{"ts":{"insertions":5,"deletions":5}}},{"hash":"242eb8da4a918436aeb335c74fc10c0d6113eb91","isMergeCommit":false,"messageTitle":"coding practise assurance check","messageBody":"","fileTypesAndContributionMap":{"ts":{"insertions":2,"deletions":2}}},{"hash":"c65301790ec6a111d1e9c565ede1097cc18b798e","isMergeCommit":false,"messageTitle":"use of coaching nomenclature","messageBody":"","fileTypesAndContributionMap":{"ts":{"insertions":15,"deletions":15}}},{"hash":"037bba7e1af8aec36e24ebe440f24117242a2731","isMergeCommit":false,"messageTitle":"version change and nomenclature edit","messageBody":"","fileTypesAndContributionMap":{"json":{"insertions":1,"deletions":1},"ts":{"insertions":18,"deletions":18}}},{"hash":"86cfed695fc85574c3a1b88c869c84040acca36e","isMergeCommit":false,"messageTitle":"added exports","messageBody":"","fileTypesAndContributionMap":{"ts":{"insertions":2,"deletions":0}}},{"hash":"37ea1268ee468f48a69beaddf478cc865197dc61","isMergeCommit":false,"messageTitle":"version update","messageBody":"","fileTypesAndContributionMap":{"json":{"insertions":1,"deletions":1}}},{"hash":"26fee98954bab740517326158e719229d475fd69","isMergeCommit":false,"messageTitle":"version update","messageBody":"","fileTypesAndContributionMap":{"ts":{"insertions":1,"deletions":1}}}]}],"gaur-aditya":[{"date":"2024-07-22","commitResults":[{"hash":"98dc5be3170fac9b25249bae1d59daa298a01848","isMergeCommit":false,"messageTitle":"refactor: Update isMeasurable and isIdeal properties to use string type","messageBody":"","fileTypesAndContributionMap":{"json":{"insertions":1,"deletions":1},"ts":{"insertions":4,"deletions":4}}},{"hash":"19029a8b24b2554e6b8f05161e09fe69709bccb8","isMergeCommit":false,"messageTitle":"chore: Update package version to 1.0.23 and fix typo in User entity","messageBody":"","fileTypesAndContributionMap":{"json":{"insertions":1,"deletions":1},"ts":{"insertions":2,"deletions":1}}},{"hash":"424dad8522af52f06836c0acea5865e507d77ce6","isMergeCommit":false,"messageTitle":"chore: Bump package version to 1.0.24 and remove unnecessary required fields in User entity","messageBody":"","fileTypesAndContributionMap":{"json":{"insertions":1,"deletions":1},"ts":{"insertions":1,"deletions":1}}},{"hash":"e5929ae125473da88ba27c49f25ce16f2fcf8c94","isMergeCommit":false,"messageTitle":"chore: Update package version to 1.0.25 and modify Goal entity properties","messageBody":"","fileTypesAndContributionMap":{"json":{"insertions":1,"deletions":1},"ts":{"insertions":4,"deletions":1}}},{"hash":"c679b95f09b3481a14bb0a7a1decd891c02fc7b1","isMergeCommit":false,"messageTitle":"refactor: Remove unnecessary required fields in Goal entity","messageBody":"","fileTypesAndContributionMap":{"ts":{"insertions":1,"deletions":1}}},{"hash":"958b5892e766e83c95404861ced0ebf9abf2f5a7","isMergeCommit":false,"messageTitle":"chore: Bump package version to 1.0.26","messageBody":"","fileTypesAndContributionMap":{"json":{"insertions":1,"deletions":1}}}]},{"date":"2024-07-30","commitResults":[{"hash":"2fa076e86d3627e1892bec72a22d1ddc3d9f4ec9","isMergeCommit":false,"messageTitle":"refactor: Fix import statements in CalendarViewEvent files","messageBody":"","fileTypesAndContributionMap":{"ts":{"insertions":5,"deletions":5}}}]},{"date":"2024-08-05","commitResults":[{"hash":"2baeb0fc331f22e3a4122d4f2357a534d880f7d4","isMergeCommit":false,"messageTitle":"chore: Update package-lock.json and .gitignore","messageBody":"","fileTypesAndContributionMap":{"gitignore":{"insertions":1,"deletions":0},"json":{"insertions":3,"deletions":3}}}]},{"date":"2024-08-09","commitResults":[{"hash":"56aa81c831fcdd70e93e5bb809433680aee8505c","isMergeCommit":false,"messageTitle":"chore: Update package version to 1.0.29 and add hasWatched property to Goal entity","messageBody":"","fileTypesAndContributionMap":{"json":{"insertions":1,"deletions":1},"ts":{"insertions":2,"deletions":0}}}]},{"date":"2024-08-16","commitResults":[{"hash":"d881fcab5b3544b92c902aca620abb6fc77a3171","isMergeCommit":false,"messageTitle":"refactored calender event view to coaching event","messageBody":"","fileTypesAndContributionMap":{"ts":{"insertions":9,"deletions":9}}},{"hash":"e9a2428dd8b4c59577a1898814e350e0a68a741c","isMergeCommit":false,"messageTitle":"fix","messageBody":"","fileTypesAndContributionMap":{"json":{"insertions":1,"deletions":1},"ts":{"insertions":1,"deletions":1}}}]}],"Aditya Gaur":[{"date":"2024-07-30","commitResults":[{"hash":"632e56b1128667a6ec7a5b01dce8d98f5dea05fb","isMergeCommit":true,"messageTitle":"Merge pull request #3 from codewalla-engineering/feature/deleteEventAPI","messageBody":"Added module and entity for delete event API","fileTypesAndContributionMap":{}},{"hash":"c389f9934419e407f0733dcf553829f9779cecb5","isMergeCommit":true,"messageTitle":"Merge pull request #4 from codewalla-engineering/feature/deleteEventAPI","messageBody":"refactor: Fix import statements in CalendarViewEvent files","fileTypesAndContributionMap":{}}]},{"date":"2024-08-16","commitResults":[{"hash":"cefa0c01b34e301eaf8fa3306d134bc747637358","isMergeCommit":true,"messageTitle":"Merge pull request #5 from codewalla-engineering/caledlyEventTypes","messageBody":"added calendly event types colleciton","fileTypesAndContributionMap":{}},{"hash":"4d13fca32f3425e79798b9d72867806926fc846e","isMergeCommit":true,"messageTitle":"Merge pull request #6 from codewalla-engineering/coachingEvent","messageBody":"added exports","fileTypesAndContributionMap":{}}]}],"Aryan-codewalla":[{"date":"2024-07-30","commitResults":[{"hash":"b8706fa6ce7d275c1bc17ed130e3b5a54147875b","isMergeCommit":false,"messageTitle":"Update CalendarViewEvent.ts","messageBody":"","fileTypesAndContributionMap":{"ts":{"insertions":2,"deletions":1}}}]}]},"authorFileTypeContributionMap":{"Aryan-AA":{"ts":4},"dhiraj-codewalla":{"ts":60,"json":1},"gaur-aditya":{"gitignore":1,"ts":26,"json":2},"Aditya Gaur":{},"Aryan-codewalla":{"ts":2}},"authorContributionVariance":{"Aryan-AA":2.99556,"dhiraj-codewalla":854.4378,"gaur-aditya":51.69377,"Aditya Gaur":0.0,"Aryan-codewalla":0.33284003},"authorDisplayNameMap":{"Aryan-AA":"Aryan-AA","dhiraj-codewalla":"dhiraj-codewalla","gaur-aditya":"gaur-aditya","Aditya Gaur":"Aditya Gaur","Aryan-codewalla":"Aryan-codewalla"}}
