{"authorDailyContributionsMap":{"ShaguftaHannure":[{"date":"2024-09-02","commitResults":[{"hash":"ad741f51e402f70dad678f50647ddbf324b44216","isMergeCommit":true,"messageTitle":"Merge pull request #8 from codewalla-engineering/animated-key","messageBody":"Added isAnimated key feature to goal schemas.","fileTypesAndContributionMap":{}}]}],"AdityaGaur":[{"date":"2024-09-18","commitResults":[{"hash":"c3d02f42a169b709933caf80aa6e40b9f8225c75","isMergeCommit":false,"messageTitle":"fixed repo saving in goal","messageBody":"","fileTypesAndContributionMap":{"json":{"insertions":1,"deletions":1},"ts":{"insertions":16,"deletions":2}}},{"hash":"5f27c82592e660b4bc56b2cb2e2af019e51dcce4","isMergeCommit":false,"messageTitle":"fix","messageBody":"","fileTypesAndContributionMap":{"ts":{"insertions":3,"deletions":4}}},{"hash":"52158af9fef9b407bf9552d48178fc0541acab06","isMergeCommit":false,"messageTitle":"fix repo in goal","messageBody":"","fileTypesAndContributionMap":{"json":{"insertions":1,"deletions":1},"ts":{"insertions":1,"deletions":1}}}]}],"dhiraj-codewalla":[{"date":"2024-09-17","commitResults":[{"hash":"61c13374477940fda8d0dcd9ffa5a6d04ea1310c","isMergeCommit":false,"messageTitle":"added career goal status in user schema (#9)","messageBody":"* added career goal status in user schema\r\n\r\n* added career goal event collection\r\n\r\n* deleted the seperate collection of the career goal event\r\n\r\n* added manager updating career goal\r\n\r\n","fileTypesAndContributionMap":{"ts":{"insertions":20,"deletions":0}}},{"hash":"aae0a345b15a92db6778ccc38e2cac2305a46b71","isMergeCommit":false,"messageTitle":"versoion change (#10)","messageBody":"","fileTypesAndContributionMap":{"json":{"insertions":1,"deletions":1}}},{"hash":"1e63538d51721a6f1d19da59a37b77b1df47453e","isMergeCommit":false,"messageTitle":"export added in index.ts (#12)","messageBody":"","fileTypesAndContributionMap":{"json":{"insertions":1,"deletions":1},"ts":{"insertions":1,"deletions":0}}}]}],"gaur-aditya":[{"date":"2024-08-22","commitResults":[{"hash":"266c3c1c5495349f6dafa98111880182bf363d0a","isMergeCommit":false,"messageTitle":"feat: Add GithubInstallation entity and module","messageBody":"","fileTypesAndContributionMap":{"json":{"insertions":1,"deletions":1},"ts":{"insertions":81,"deletions":0}}},{"hash":"815750d6476fcd62277f37d715c36562b8a883d9","isMergeCommit":false,"messageTitle":"chore: Update package version to 1.0.34 and rename GithubInstallations to GithubInstallation","messageBody":"","fileTypesAndContributionMap":{"json":{"insertions":1,"deletions":1},"ts":{"insertions":1,"deletions":1}}},{"hash":"d31ed4065d446e8eea653714f567ba0143a77983","isMergeCommit":false,"messageTitle":"chore: Update package version to 1.0.35 and rename GithubInstallations to GithubInstallation","messageBody":"","fileTypesAndContributionMap":{"json":{"insertions":1,"deletions":1},"ts":{"insertions":61,"deletions":49}}},{"hash":"4be4055a3a2def0cd907c0e7c4fedd6fb843075a","isMergeCommit":false,"messageTitle":"chore: Update package version to 1.0.36 and rename GithubInstallations to GithubInstallation","messageBody":"","fileTypesAndContributionMap":{"json":{"insertions":1,"deletions":1},"ts":{"insertions":3,"deletions":25}}},{"hash":"dc2f0e5ca7d0fb62fa1007fa3f826a7f0e0805b5","isMergeCommit":false,"messageTitle":"chore: Bump package version to 1.0.37 and update GithubInstallation.ts","messageBody":"","fileTypesAndContributionMap":{"json":{"insertions":1,"deletions":1},"ts":{"insertions":2,"deletions":0}}},{"hash":"ce24ba0b8baed928faba4de85ae56ac27137b097","isMergeCommit":false,"messageTitle":"chore: Update package version to 1.0.38 and add active status to GithubInstallation","messageBody":"","fileTypesAndContributionMap":{"json":{"insertions":1,"deletions":1},"ts":{"insertions":4,"deletions":0}}}]},{"date":"2024-08-23","commitResults":[{"hash":"31059fec0bbcae6641a127e1b02063c8cb25dd65","isMergeCommit":false,"messageTitle":"chore: Update package version to 1.0.39 and add branches to GithubInstallation","messageBody":"","fileTypesAndContributionMap":{"json":{"insertions":1,"deletions":1},"ts":{"insertions":1,"deletions":0}}},{"hash":"204599465adebfdc2c10e852c28603aa14820074","isMergeCommit":false,"messageTitle":"feat: Add GithubRepositoryCommit entity and module","messageBody":"","fileTypesAndContributionMap":{"json":{"insertions":1,"deletions":1},"ts":{"insertions":50,"deletions":0}}},{"hash":"2702d55da6d841193813dd0e593783b31f9169a9","isMergeCommit":false,"messageTitle":"chore: Update package version to 1.0.41 and add parentBranchId to GithubRepositoryCommit","messageBody":"","fileTypesAndContributionMap":{"json":{"insertions":1,"deletions":1},"ts":{"insertions":2,"deletions":0}}},{"hash":"90be14364ec6211b5c4ebe72b52c9589796f4a27","isMergeCommit":false,"messageTitle":"chore: Update package version to 1.0.42 and fix type of id in GithubRepositoryCommit","messageBody":"","fileTypesAndContributionMap":{"json":{"insertions":1,"deletions":1},"ts":{"insertions":1,"deletions":1}}}]},{"date":"2024-08-26","commitResults":[{"hash":"99cc7600cd8d0ce2d11da0347f247725c0c6a73d","isMergeCommit":true,"messageTitle":"Merge branch \u0027main\u0027 of https://github.com/codewalla-engineering/coachwalla-business-model into changesFor-profileImg","messageBody":"","fileTypesAndContributionMap":{}},{"hash":"59116d150d1592fae3c4dd2c2db926a29a6df0f4","isMergeCommit":false,"messageTitle":"chore: Update package version to 1.0.44 and fix id type in GithubRepositoryCommit","messageBody":"","fileTypesAndContributionMap":{"json":{"insertions":1,"deletions":1},"ts":{"insertions":2,"deletions":2}}}]},{"date":"2024-08-27","commitResults":[{"hash":"f2ee14c3bc1915269f814f8d00156ea284f4a151","isMergeCommit":false,"messageTitle":"feat: Add GithubRepositoryPullRequest entity and module","messageBody":"","fileTypesAndContributionMap":{"json":{"insertions":1,"deletions":1},"ts":{"insertions":42,"deletions":0}}},{"hash":"4f2a4b7ad432780643598f69ce6acae71d84fa81","isMergeCommit":false,"messageTitle":"chore: Update package version to 1.0.46 and add status property to GithubRepositoryPullRequest","messageBody":"","fileTypesAndContributionMap":{"json":{"insertions":1,"deletions":1},"ts":{"insertions":1,"deletions":0}}},{"hash":"9097255810a5ab3bd5dab5c87b23d2198f8c5bac","isMergeCommit":false,"messageTitle":"chore: Update package version to 1.0.47 and add createdAt, updatedAt, closedAt, mergedAt, and mergeCommitSha properties to GithubRepositoryPullRequest","messageBody":"","fileTypesAndContributionMap":{"json":{"insertions":1,"deletions":1},"ts":{"insertions":10,"deletions":0}}},{"hash":"58ad8358ffcb487751d7b89ed9e65aca14f2a884","isMergeCommit":false,"messageTitle":"chore: Update package version to 1.0.48 and remove unnecessary properties from GithubRepositoryPullRequest","messageBody":"","fileTypesAndContributionMap":{"json":{"insertions":1,"deletions":1},"ts":{"insertions":5,"deletions":10}}},{"hash":"e42f6dc58da52d237122ee297479ef116fab4c6a","isMergeCommit":false,"messageTitle":"chore: Update package version to 1.0.49 and add comments property to GithubRepositoryPullRequest","messageBody":"","fileTypesAndContributionMap":{"json":{"insertions":1,"deletions":1},"ts":{"insertions":9,"deletions":0}}},{"hash":"6693016990610e6205c4cbae5004e7ce0db59f77","isMergeCommit":false,"messageTitle":"chore: Update package version to 1.0.50 and add comments property to GithubRepositoryPullRequest","messageBody":"","fileTypesAndContributionMap":{"json":{"insertions":1,"deletions":1},"ts":{"insertions":1,"deletions":0}}},{"hash":"1ab7c143c3abef6b77c2a33829d28948a0c89dd0","isMergeCommit":false,"messageTitle":"chore: Update package version to 1.0.51 and add pullRequestTitle property to GithubRepositoryPullRequest","messageBody":"","fileTypesAndContributionMap":{"json":{"insertions":1,"deletions":1},"ts":{"insertions":1,"deletions":0}}}]},{"date":"2024-08-28","commitResults":[{"hash":"0293b6aa70122995891e70111c9e0ff13e52fd81","isMergeCommit":false,"messageTitle":"chore: Update package version to 1.0.52 and add GitHub repository properties to Goal entity","messageBody":"","fileTypesAndContributionMap":{"json":{"insertions":1,"deletions":1},"ts":{"insertions":6,"deletions":0}}}]},{"date":"2024-09-04","commitResults":[{"hash":"14de514dc2dba3b79fc8dd1c26d8c6a4e295ca11","isMergeCommit":false,"messageTitle":"chore: Bump package version to 1.0.54 and update package.json","messageBody":"","fileTypesAndContributionMap":{"json":{"insertions":1,"deletions":1},"ts":{"insertions":7,"deletions":0}}}]},{"date":"2024-09-16","commitResults":[{"hash":"b71be6365c95678b3d9645305a0792398924122e","isMergeCommit":false,"messageTitle":"chore: Update package version to 1.0.55 in package.json","messageBody":"","fileTypesAndContributionMap":{"json":{"insertions":1,"deletions":1},"ts":{"insertions":1,"deletions":0}}}]}],"Gaurav Sheoran":[{"date":"2024-09-17","commitResults":[{"hash":"07cbffe2a99df31c28668b9d9e865a51e1b4661c","isMergeCommit":false,"messageTitle":"Update to version 1.0.57","messageBody":"","fileTypesAndContributionMap":{"json":{"insertions":3,"deletions":3}}},{"hash":"2d1f861d0f274fd7023fe3aaa58f5886d98069e5","isMergeCommit":false,"messageTitle":"Update package version to 1.0.58","messageBody":"","fileTypesAndContributionMap":{"json":{"insertions":3,"deletions":3}}}]}],"Aditya Gaur":[{"date":"2024-08-26","commitResults":[{"hash":"95e196e3a64b321c32193619022867ea4c480d8f","isMergeCommit":true,"messageTitle":"Merge pull request #7 from codewalla-engineering/changesFor-profileImg","messageBody":"Changes for profile img","fileTypesAndContributionMap":{}}]}],"shagufta hannure":[{"date":"2024-09-02","commitResults":[{"hash":"a8d3e2c42633b15c88a9bac789d9afb9be20b8eb","isMergeCommit":false,"messageTitle":"Added isAnimated key feature to goal schemas.","messageBody":"","fileTypesAndContributionMap":{"ts":{"insertions":4,"deletions":0}}},{"hash":"837a297525f4e9d5791a13b9e0908a870727c03c","isMergeCommit":false,"messageTitle":"added animated key in modules","messageBody":"","fileTypesAndContributionMap":{"ts":{"insertions":1,"deletions":0}}},{"hash":"b61c4289471e8e405b06e3cef6a75e9470bf042f","isMergeCommit":false,"messageTitle":"Remove changes from package lock json and updated version of package json.","messageBody":"","fileTypesAndContributionMap":{"json":{"insertions":1,"deletions":1}}}]}],"rohits04":[{"date":"2024-08-23","commitResults":[{"hash":"999678e5ff507844cd4b031d382cb41fae273406","isMergeCommit":false,"messageTitle":"Add profile image field to User entity","messageBody":"","fileTypesAndContributionMap":{"ts":{"insertions":4,"deletions":0}}},{"hash":"b5896962987874ad72e2771abc58c919fe9f1a6d","isMergeCommit":false,"messageTitle":"Update package.json version to 1.0.6","messageBody":"","fileTypesAndContributionMap":{"json":{"insertions":1,"deletions":1}}},{"hash":"03cefbc12b26658e0638e1e8eaef6e85af8f9a4a","isMergeCommit":true,"messageTitle":"Merge branch \u0027main\u0027 of github.com:codewalla-engineering/coachwalla-business-model into changesFor-profileImg","messageBody":"","fileTypesAndContributionMap":{}},{"hash":"c7d5a5cbb58213a100533185655a3e3e32688550","isMergeCommit":false,"messageTitle":"Update package.json version to 1.0.39","messageBody":"","fileTypesAndContributionMap":{"json":{"insertions":1,"deletions":1}}}]},{"date":"2024-08-26","commitResults":[{"hash":"ea1b51aefb3cd2f045aa7303170ac0d9c5fe7fdd","isMergeCommit":false,"messageTitle":"Add profile image property to User interface and remove null assignment in UserModule","messageBody":"","fileTypesAndContributionMap":{"ts":{"insertions":2,"deletions":1}}}]}]},"authorFileTypeContributionMap":{"ShaguftaHannure":{},"AdityaGaur":{"json":1,"ts":19},"dhiraj-codewalla":{"ts":21},"gaur-aditya":{"ts":199},"Gaurav Sheoran":{"json":2},"Aditya Gaur":{},"shagufta hannure":{"ts":5},"rohits04":{"ts":5}},"authorContributionVariance":{"ShaguftaHannure":0.0,"AdityaGaur":30.0,"dhiraj-codewalla":19.510927,"gaur-aditya":2071.34,"Gaurav Sheoran":4.4953175,"Aditya Gaur":0.0,"shagufta hannure":1.529656,"rohits04":2.2289262},"authorDisplayNameMap":{"ShaguftaHannure":"ShaguftaHannure","AdityaGaur":"AdityaGaur","dhiraj-codewalla":"dhiraj-codewalla","gaur-aditya":"gaur-aditya","Gaurav Sheoran":"Gaurav Sheoran","Aditya Gaur":"Aditya Gaur","shagufta hannure":"shagufta hannure","rohits04":"rohits04"}}
