{"repoSenseVersion":"29b9f5fbd7","reportGeneratedTime":"Wed Aug 21 07:35:39 2024 UTC","reportGenerationTime":" 0.40 second(s)","zoneId":"Etc/UTC","reportTitle":"RepoSense Report","repos":[],"errorSet":[{"repoName":"codewalla-engineering/coachwalla-ui[develop]","errorMessage":"Failed to clone from https://github.com/codewalla-engineering/coachwalla-ui.git"}],"sinceDate":"2024-07-21","untilDate":"2024-08-21","isSinceDateProvided":false,"isUntilDateProvided":false,"supportedDomainUrlMap":{"NOT_RECOGNIZED":{"BRANCH":"","REPO_URL":"UNSUPPORTED","BASE_URL":"UNSUPPORTED","HISTORY_PATH":"","COMMIT_PATH":"","BLAME_PATH":""},"github":{"BRANCH":"tree/$BRANCH","REPO_URL":"https://github.com/$ORGANIZATION/$REPO_NAME/","BASE_URL":"https://github.com/","HISTORY_PATH":"commits/$BRANCH/$FILE_PATH","COMMIT_PATH":"commit/$COMMIT_HASH","BLAME_PATH":"blame/$BRANCH/$FILE_PATH"}},"isAuthorshipAnalyzed":false}
