{"repoSenseVersion":"29b9f5fbd7","reportGeneratedTime":"Mon Sep 2 01:26:51 2024 UTC","reportGenerationTime":" 4.64 second(s)","zoneId":"Etc/UTC","reportTitle":"RepoSense Report","repos":[{"location":{"location":"https://github.com/codewalla-engineering/coachwalla-ui.git","repoName":"coachwalla-ui","organization":"codewalla-engineering","domainName":"github"},"branch":"develop","displayName":"codewalla-engineering/coachwalla-ui[develop]","outputFolderName":"codewalla-engineering_coachwalla-ui_develop"},{"location":{"location":"https://github.com/codewalla-engineering/coachwalla.git","repoName":"coachwalla","organization":"codewalla-engineering","domainName":"github"},"branch":"main","displayName":"codewalla-engineering/coachwalla[main]","outputFolderName":"codewalla-engineering_coachwalla_main"},{"location":{"location":"https://github.com/codewalla-engineering/coachwalla-assistant-service.git","repoName":"coachwalla-assistant-service","organization":"codewalla-engineering","domainName":"github"},"branch":"main","displayName":"codewalla-engineering/coachwalla-assistant-service[main]","outputFolderName":"codewalla-engineering_coachwalla-assistant-service_main"},{"location":{"location":"https://github.com/codewalla-engineering/coachwalla-email-service.git","repoName":"coachwalla-email-service","organization":"codewalla-engineering","domainName":"github"},"branch":"main","displayName":"codewalla-engineering/coachwalla-email-service[main]","outputFolderName":"codewalla-engineering_coachwalla-email-service_main"},{"location":{"location":"https://github.com/codewalla-engineering/coachwalla-business-model.git","repoName":"coachwalla-business-model","organization":"codewalla-engineering","domainName":"github"},"branch":"main","displayName":"codewalla-engineering/coachwalla-business-model[main]","outputFolderName":"codewalla-engineering_coachwalla-business-model_main"},{"location":{"location":"https://github.com/codewalla-engineering/coachwalla-terraform.git","repoName":"coachwalla-terraform","organization":"codewalla-engineering","domainName":"github"},"branch":"main","displayName":"codewalla-engineering/coachwalla-terraform[main]","outputFolderName":"codewalla-engineering_coachwalla-terraform_main"}],"errorSet":[],"sinceDate":"2024-08-02","untilDate":"2024-09-02","isSinceDateProvided":false,"isUntilDateProvided":false,"supportedDomainUrlMap":{"NOT_RECOGNIZED":{"BRANCH":"","REPO_URL":"UNSUPPORTED","BASE_URL":"UNSUPPORTED","HISTORY_PATH":"","COMMIT_PATH":"","BLAME_PATH":""},"github":{"BRANCH":"tree/$BRANCH","REPO_URL":"https://github.com/$ORGANIZATION/$REPO_NAME/","BASE_URL":"https://github.com/","HISTORY_PATH":"commits/$BRANCH/$FILE_PATH","COMMIT_PATH":"commit/$COMMIT_HASH","BLAME_PATH":"blame/$BRANCH/$FILE_PATH"}},"isAuthorshipAnalyzed":false}
