{"repoSenseVersion":"29b9f5fbd7","reportGeneratedTime":"Tue Sep 3 06:53:15 2024 UTC","reportGenerationTime":" 0.61 second(s)","zoneId":"Etc/UTC","reportTitle":"RepoSense Report","repos":[],"errorSet":[{"repoName":"codewalla-engineering/coachwalla-ui[develop]","errorMessage":"Failed to clone from https://github.com/codewalla-engineering/coachwalla-ui.git"},{"repoName":"codewalla-engineering/coachwalla-business-model[main]","errorMessage":"Failed to clone from https://github.com/codewalla-engineering/coachwalla-business-model.git"},{"repoName":"codewalla-engineering/coachwalla-email-service[main]","errorMessage":"Failed to clone from https://github.com/codewalla-engineering/coachwalla-email-service.git"},{"repoName":"codewalla-engineering/coachwalla-terraform[main]","errorMessage":"Failed to clone from https://github.com/codewalla-engineering/coachwalla-terraform.git"},{"repoName":"codewalla-engineering/coachwalla-assistant-service[main]","errorMessage":"Failed to clone from https://github.com/codewalla-engineering/coachwalla-assistant-service.git"},{"repoName":"codewalla-engineering/coachwalla[main]","errorMessage":"Failed to clone from https://github.com/codewalla-engineering/coachwalla.git"}],"sinceDate":"2024-08-03","untilDate":"2024-09-03","isSinceDateProvided":false,"isUntilDateProvided":false,"supportedDomainUrlMap":{"NOT_RECOGNIZED":{"BRANCH":"","REPO_URL":"UNSUPPORTED","BASE_URL":"UNSUPPORTED","HISTORY_PATH":"","COMMIT_PATH":"","BLAME_PATH":""},"github":{"BRANCH":"tree/$BRANCH","REPO_URL":"https://github.com/$ORGANIZATION/$REPO_NAME/","BASE_URL":"https://github.com/","HISTORY_PATH":"commits/$BRANCH/$FILE_PATH","COMMIT_PATH":"commit/$COMMIT_HASH","BLAME_PATH":"blame/$BRANCH/$FILE_PATH"}},"isAuthorshipAnalyzed":false}
