{"authorDailyContributionsMap":{"dhiraj-codewalla":[{"date":"2024-09-05","commitResults":[{"hash":"d49a9af7305a440fe9cabb44eb6b81f8d2534584","isMergeCommit":false,"messageTitle":"Mixpanel integration 1 (#234)","messageBody":"* added entry mixpanel function\r\n\r\n* packagne json file\r\n\r\n* created common function for each button and added actions\r\n\r\n* PR changes : added secrests to envs, change in function name, code optimn","fileTypesAndContributionMap":{"qa":{"insertions":0,"deletions":1},"dev":{"insertions":0,"deletions":1},"scss":{"insertions":12,"deletions":0},"tsx":{"insertions":242,"deletions":157},"json":{"insertions":3,"deletions":0},"local":{"insertions":0,"deletions":1},"ts":{"insertions":51,"deletions":2}}}]},{"date":"2024-09-12","commitResults":[{"hash":"86d2867301eae809d714764272ebdd36de830dc3","isMergeCommit":false,"messageTitle":"updated the buttons and added action for profile image (#237)","messageBody":"","fileTypesAndContributionMap":{"tsx":{"insertions":5,"deletions":3}}}]}],"Shrinath Malavekar":[{"date":"2024-08-22","commitResults":[{"hash":"d17dd3bb4f921c49776e8c95c3471391050991e4","isMergeCommit":true,"messageTitle":"Merge branch \u0027dev-deployment\u0027 into develop","messageBody":"","fileTypesAndContributionMap":{}},{"hash":"6159ab40f5b97fefdd65782318350ca6ba2fdd9b","isMergeCommit":true,"messageTitle":"Merge branch \u0027main\u0027 into develop","messageBody":"","fileTypesAndContributionMap":{}}]}],"Shrinath_CW":[{"date":"2024-08-22","commitResults":[{"hash":"b98a34fa21e346a6da05e7583307157ec7676cae","isMergeCommit":false,"messageTitle":"Refactor animation rendering logic for goal cards","messageBody":"","fileTypesAndContributionMap":{"tsx":{"insertions":2,"deletions":2}}}]}],"rohits04":[{"date":"2024-08-20","commitResults":[{"hash":"48e9030332ad477f49c54621edd2433d0ad5ea20","isMergeCommit":false,"messageTitle":"CT-101 bug fixed (#222)","messageBody":"* CT-101 bug fixed\r\n\r\n* Add getManagerGoalSummaryAsUser function to fetch manager goal summary for a specific user","fileTypesAndContributionMap":{"tsx":{"insertions":21,"deletions":4}}},{"hash":"81204044c2a36a63a5422db6583dc5a2b510ea7d","isMergeCommit":false,"messageTitle":"Add Search Manager by Name API endpoint and update commonChip styles (#221)","messageBody":"","fileTypesAndContributionMap":{"scss":{"insertions":37,"deletions":27},"tsx":{"insertions":150,"deletions":104},"ts":{"insertions":1,"deletions":0}}}]},{"date":"2024-08-22","commitResults":[{"hash":"1916cbae82e57082cb051e5aef2f78280983157b","isMergeCommit":false,"messageTitle":"Fix disabled state of submit button in LeftSideCreateGoal component (#223)","messageBody":"","fileTypesAndContributionMap":{"tsx":{"insertions":1,"deletions":2}}}]},{"date":"2024-08-30","commitResults":[{"hash":"80faf4ebd1e516b007427e6c6761f8fbb1159f8a","isMergeCommit":false,"messageTitle":"Update object-fit property in playerCard.scss and profileInfo.scss (#230)","messageBody":"* Update object-fit property in playerCard.scss and profileInfo.scss\r\nAdd uploadProfileImage endpoint in apiEndpoints.ts\r\nAdd profile picture related text messages\r\nUpdate profilePictureImage source in playerCard.tsx\r\n\r\n* removed common snakbar","fileTypesAndContributionMap":{"scss":{"insertions":8,"deletions":1},"tsx":{"insertions":101,"deletions":40},"ts":{"insertions":7,"deletions":0}}}]},{"date":"2024-09-09","commitResults":[{"hash":"84a8002f7ea0431a400de04f4e5f9d4dc87ece18","isMergeCommit":false,"messageTitle":"Feature/ck 24 (#235)","messageBody":"* Update object-fit property in playerCard.scss and profileInfo.scss\r\nAdd uploadProfileImage endpoint in apiEndpoints.ts\r\nAdd profile picture related text messages\r\nUpdate profilePictureImage source in playerCard.tsx\r\n\r\n* removed common snakbar\r\n\r\n* feat: Add react-easy-crop and sharp dependencies for image cropping functionality\r\n\r\n* chore: Remove unused sharp dependency and update npm dependencies\r\n\r\n* refactor: Update profileInfoPage component\r\n\r\n- Move handleUploadIcon function inside the component\r\n- Add missing dependencies to the useEffect hook\r\n- Set snackbar configuration after successful profile picture upload\r\n- Remove unused code and fix formatting issues","fileTypesAndContributionMap":{"scss":{"insertions":20,"deletions":0},"tsx":{"insertions":175,"deletions":24},"json":{"insertions":1,"deletions":0}}}]}]},"authorFileTypeContributionMap":{"dhiraj-codewalla":{"json":3,"tsx":234,"scss":12,"ts":51},"Shrinath Malavekar":{"yml":1,"scss":1,"tsx":9},"Shrinath_CW":{"tsx":2},"rohits04":{"json":1,"scss":38,"tsx":330,"ts":8}},"authorContributionVariance":{"dhiraj-codewalla":8160.623,"Shrinath Malavekar":0.0,"Shrinath_CW":0.5917157,"rohits04":6585.8975},"authorDisplayNameMap":{"dhiraj-codewalla":"dhiraj-codewalla","Shrinath Malavekar":"Shrinath Malavekar","Shrinath_CW":"Shrinath_CW","rohits04":"rohits04"}}
