{"authorDailyContributionsMap":{"pawan-cw":[{"date":"2024-07-24","commitResults":[{"hash":"1de04eab91aaa510a00125f322b948fb4330e696","isMergeCommit":false,"messageTitle":"past date fix (#196)","messageBody":"","fileTypesAndContributionMap":{"tsx":{"insertions":1,"deletions":0}}}]},{"date":"2024-07-30","commitResults":[{"hash":"94e996e667c1ed9c573bda10e86e845ff2b95c20","isMergeCommit":false,"messageTitle":"Growable textbox area (#198)","messageBody":"* text area\r\n\r\n* code for grow and shrink text area\r\n\r\n* fix indentation\r\n\r\n* removed console log\r\n\r\n* added padding","fileTypesAndContributionMap":{"scss":{"insertions":15,"deletions":0},"tsx":{"insertions":212,"deletions":140}}}]},{"date":"2024-08-01","commitResults":[{"hash":"6ed9e85ac5fcb99d539b0b0d6ec8ef5dab793fd6","isMergeCommit":false,"messageTitle":"Fixed topic selction issue (#204)","messageBody":"* fixed topic selection issue\r\n\r\n* removed log","fileTypesAndContributionMap":{"tsx":{"insertions":1,"deletions":1}}}]},{"date":"2024-08-06","commitResults":[{"hash":"c66b1053a2e1998d7f81377d310db6ee9ff3c5a7","isMergeCommit":false,"messageTitle":"BUG-CT-91 (#207)","messageBody":"* fixed topic selection issue\r\n\r\n* removed log\r\n\r\n* - Fixed dropdown height issue.\r\n- Added a custom height for topic dropdown\r\n\r\n* take latest pull of develop\r\nChanged message","fileTypesAndContributionMap":{"tsx":{"insertions":12,"deletions":2}}}]},{"date":"2024-08-07","commitResults":[{"hash":"6ea780efd77886e8863c5fa7ba39bf4242417d43","isMergeCommit":false,"messageTitle":"Demo feedback changes (#209)","messageBody":"* Demo feedback chnages\r\n\r\n* feedback\r\n\r\n* removed console.log","fileTypesAndContributionMap":{"tsx":{"insertions":12,"deletions":3}}}]},{"date":"2024-08-12","commitResults":[{"hash":"d258e116ee92cff5d99cb842dc4a9ee7bd7d7990","isMergeCommit":false,"messageTitle":"search filtter and pagination fix (#217)","messageBody":"","fileTypesAndContributionMap":{"tsx":{"insertions":21,"deletions":8}}}]},{"date":"2024-08-16","commitResults":[{"hash":"d67d9132ade8ccbc9f587eeffd81cc72ea57942e","isMergeCommit":false,"messageTitle":"Pagination fix (#220)","messageBody":"* search filtter and pagination fix\r\n\r\n* fix pagination glitch\r\n\r\n---------\r\n\r\nCo-authored-by: Shrinath Malavekar \u003c104494315+Shrinath1999@users.noreply.github.com\u003e","fileTypesAndContributionMap":{"tsx":{"insertions":5,"deletions":1}}}]}],"Shrinath Malavekar":[{"date":"2024-07-31","commitResults":[{"hash":"4f7a7919e292fc29c10c683aec0fb82f015d673c","isMergeCommit":false,"messageTitle":"Develop (#200)","messageBody":"* Added placeholder to edit when clicked on editIcon (#197)\r\n\r\n* Growable textbox area (#198)\r\n\r\n* text area\r\n\r\n* code for grow and shrink text area\r\n\r\n* fix indentation\r\n\r\n* removed console log\r\n\r\n* added padding\r\n\r\n* Feature/cd 335 (#199)\r\n\r\n* Add react-markdown and react-simplemde-editor dependencies\r\nAdd getAgenda and refineAgenda endpoints\r\nUpdate EventCalendar component\r\n\r\n* Update width of hiddenAgenda element in createCoachingSession.scss and remove console.log statement in createCoachingSession.tsx\r\n\r\n* Added UpcomingEventsSkeleton component and update eventList rendering\r\n\r\n* Refactor createCoachingSession component\r\n\r\n* Add dayjs duration extension\r\n\r\n* added code to show error on ui if email and id already exists (#202)\r\n\r\n---------\r\n\r\nCo-authored-by: DikshaDeswal-Codewalla \u003cdiksha.d@codewalla.com\u003e\r\nCo-authored-by: pawan-cw \u003c42992506+pawan-cw@users.noreply.github.com\u003e\r\nCo-authored-by: rohits04 \u003c119675271+rohits04@users.noreply.github.com\u003e","fileTypesAndContributionMap":{"scss":{"insertions":182,"deletions":72},"tsx":{"insertions":562,"deletions":205},"json":{"insertions":2,"deletions":0},"ts":{"insertions":6,"deletions":0}}}]},{"date":"2024-08-02","commitResults":[{"hash":"21cab392e22debdf74827781a4831930adafc423","isMergeCommit":true,"messageTitle":"Merge branch \u0027dev-deployment\u0027 into develop","messageBody":"","fileTypesAndContributionMap":{}},{"hash":"dbd037028c1ee9948d6d44d103749d6aba21c987","isMergeCommit":false,"messageTitle":"Develop (#205)","messageBody":"* Added placeholder to edit when clicked on editIcon (#197)\r\n\r\n* Growable textbox area (#198)\r\n\r\n* text area\r\n\r\n* code for grow and shrink text area\r\n\r\n* fix indentation\r\n\r\n* removed console log\r\n\r\n* added padding\r\n\r\n* Feature/cd 335 (#199)\r\n\r\n* Add react-markdown and react-simplemde-editor dependencies\r\nAdd getAgenda and refineAgenda endpoints\r\nUpdate EventCalendar component\r\n\r\n* Update width of hiddenAgenda element in createCoachingSession.scss and remove console.log statement in createCoachingSession.tsx\r\n\r\n* Added UpcomingEventsSkeleton component and update eventList rendering\r\n\r\n* Refactor createCoachingSession component\r\n\r\n* Add dayjs duration extension\r\n\r\n* added code to show error on ui if email and id already exists (#202)\r\n\r\n* Fixed topic selction issue (#204)\r\n\r\n* fixed topic selection issue\r\n\r\n* removed log\r\n\r\n* Update calendar view styles and add no events message (#203)\r\n\r\nCT-95 CT96 fixes added\r\n\r\n---------\r\n\r\nCo-authored-by: DikshaDeswal-Codewalla \u003cdiksha.d@codewalla.com\u003e\r\nCo-authored-by: pawan-cw \u003c42992506+pawan-cw@users.noreply.github.com\u003e\r\nCo-authored-by: rohits04 \u003c119675271+rohits04@users.noreply.github.com\u003e","fileTypesAndContributionMap":{"svg":{"insertions":1,"deletions":0},"scss":{"insertions":35,"deletions":14},"tsx":{"insertions":211,"deletions":200}}}]},{"date":"2024-08-06","commitResults":[{"hash":"bcb1addec6dc87a6ca19bd5482c718c90fab640d","isMergeCommit":false,"messageTitle":"Develop (#208)","messageBody":"* BUG-CT-91 (#207)\r\n\r\n* fixed topic selection issue\r\n\r\n* removed log\r\n\r\n* - Fixed dropdown height issue.\r\n- Added a custom height for topic dropdown\r\n\r\n* take latest pull of develop\r\nChanged message\r\n\r\n* fFix validation for date of birth to be less than 18 years back\r\n\r\n* Feature/cd 330 (#206)\r\n\r\n* Refactor help section components and add missing files\r\n\r\n* Refactor help section styles and add missing files\r\n\r\n* Refactor help section styles, fix missing files, and improve user experience\r\n\r\n* Add constant file for blogs data\r\n\r\n* Refactor help section, routes\r\n\r\n* code optimization\r\n\r\n---------\r\n\r\nCo-authored-by: pawan-cw \u003c42992506+pawan-cw@users.noreply.github.com\u003e\r\nCo-authored-by: Gaurav Sheoran \u003c138434680+gauravsheoran7@users.noreply.github.com\u003e","fileTypesAndContributionMap":{"svg":{"insertions":7,"deletions":0},"scss":{"insertions":370,"deletions":2},"tsx":{"insertions":795,"deletions":11},"ts":{"insertions":9,"deletions":0}}}]},{"date":"2024-08-08","commitResults":[{"hash":"c5acd1fb03321a798f6a118c0b29a328d193c4af","isMergeCommit":false,"messageTitle":"Develop (#211)","messageBody":"* BUG-CT-91 (#207)\r\n\r\n* fixed topic selection issue\r\n\r\n* removed log\r\n\r\n* - Fixed dropdown height issue.\r\n- Added a custom height for topic dropdown\r\n\r\n* take latest pull of develop\r\nChanged message\r\n\r\n* fFix validation for date of birth to be less than 18 years back\r\n\r\n* Feature/cd 330 (#206)\r\n\r\n* Refactor help section components and add missing files\r\n\r\n* Refactor help section styles and add missing files\r\n\r\n* Refactor help section styles, fix missing files, and improve user experience\r\n\r\n* Add constant file for blogs data\r\n\r\n* Refactor help section, routes\r\n\r\n* code optimization\r\n\r\n* Demo feedback changes (#209)\r\n\r\n* Demo feedback chnages\r\n\r\n* feedback\r\n\r\n* removed console.log\r\n\r\n* Refactor AI suggestions button and input styles\r\n\r\n---------\r\n\r\nCo-authored-by: pawan-cw \u003c42992506+pawan-cw@users.noreply.github.com\u003e\r\nCo-authored-by: Gaurav Sheoran \u003c138434680+gauravsheoran7@users.noreply.github.com\u003e","fileTypesAndContributionMap":{"scss":{"insertions":2,"deletions":1},"tsx":{"insertions":164,"deletions":82}}},{"hash":"cae460e0c031e9ece7275457715e90293525f557","isMergeCommit":false,"messageTitle":"Develop (#215)","messageBody":"* BUG-CT-91 (#207)\r\n\r\n* fixed topic selection issue\r\n\r\n* removed log\r\n\r\n* - Fixed dropdown height issue.\r\n- Added a custom height for topic dropdown\r\n\r\n* take latest pull of develop\r\nChanged message\r\n\r\n* fFix validation for date of birth to be less than 18 years back\r\n\r\n* Feature/cd 330 (#206)\r\n\r\n* Refactor help section components and add missing files\r\n\r\n* Refactor help section styles and add missing files\r\n\r\n* Refactor help section styles, fix missing files, and improve user experience\r\n\r\n* Add constant file for blogs data\r\n\r\n* Refactor help section, routes\r\n\r\n* code optimization\r\n\r\n* Demo feedback changes (#209)\r\n\r\n* Demo feedback chnages\r\n\r\n* feedback\r\n\r\n* removed console.log\r\n\r\n* Refactor AI suggestions button and input styles\r\n\r\n* change text employee to player\r\n\r\n* Refactor job title labels to use \"Professional Title\" instead of \"Job Title\"\r\n\r\n* Help section bug fixes (#212)\r\n\r\n* Add common component for blogs (#210)\r\n\r\n* Add common component for blogs\r\n\r\n* Refactor commonBlogs component and styles\r\n\r\n* Fix help popup styles\r\n\r\n* Fix sidebar navigation bug and improve help section\r\n\r\n* Refactor help section components and add missing files\r\n\r\n* Refactor code to remove commented out \"Hiring Date\" field in addUserPage.tsx and allPlayerList.tsx\r\n\r\n* Refactor component names and labels for consistency\r\n\r\n* Refactor component names and labels for consistency\r\n\r\n* Refactor scrollbar and close button styles (#214)\r\n\r\n* chore: Refactor AI suggestions button and input styles\r\n\r\n* Refactor goal creation popup message for clarity\r\n\r\n---------\r\n\r\nCo-authored-by: pawan-cw \u003c42992506+pawan-cw@users.noreply.github.com\u003e\r\nCo-authored-by: Gaurav Sheoran \u003c138434680+gauravsheoran7@users.noreply.github.com\u003e","fileTypesAndContributionMap":{"scss":{"insertions":140,"deletions":15},"tsx":{"insertions":165,"deletions":92},"ts":{"insertions":344,"deletions":16}}},{"hash":"5c7779b9ec23b6eda7c9cd3ad7e8dbefbe8c31f9","isMergeCommit":false,"messageTitle":"Develop (#216)","messageBody":"* BUG-CT-91 (#207)\r\n\r\n* fixed topic selection issue\r\n\r\n* removed log\r\n\r\n* - Fixed dropdown height issue.\r\n- Added a custom height for topic dropdown\r\n\r\n* take latest pull of develop\r\nChanged message\r\n\r\n* fFix validation for date of birth to be less than 18 years back\r\n\r\n* Feature/cd 330 (#206)\r\n\r\n* Refactor help section components and add missing files\r\n\r\n* Refactor help section styles and add missing files\r\n\r\n* Refactor help section styles, fix missing files, and improve user experience\r\n\r\n* Add constant file for blogs data\r\n\r\n* Refactor help section, routes\r\n\r\n* code optimization\r\n\r\n* Demo feedback changes (#209)\r\n\r\n* Demo feedback chnages\r\n\r\n* feedback\r\n\r\n* removed console.log\r\n\r\n* Refactor AI suggestions button and input styles\r\n\r\n* change text employee to player\r\n\r\n* Refactor job title labels to use \"Professional Title\" instead of \"Job Title\"\r\n\r\n* Help section bug fixes (#212)\r\n\r\n* Add common component for blogs (#210)\r\n\r\n* Add common component for blogs\r\n\r\n* Refactor commonBlogs component and styles\r\n\r\n* Fix help popup styles\r\n\r\n* Fix sidebar navigation bug and improve help section\r\n\r\n* Refactor help section components and add missing files\r\n\r\n* Refactor code to remove commented out \"Hiring Date\" field in addUserPage.tsx and allPlayerList.tsx\r\n\r\n* Refactor component names and labels for consistency\r\n\r\n* Refactor component names and labels for consistency\r\n\r\n* Refactor scrollbar and close button styles (#214)\r\n\r\n* chore: Refactor AI suggestions button and input styles\r\n\r\n* Refactor goal creation popup message for clarity\r\n\r\n* calendar weekly view added (#213)\r\n\r\n* calendar weekly view added\r\n\r\n* Fix event creation success message and add day number to day header format\r\n\r\n---------\r\n\r\nCo-authored-by: pawan-cw \u003c42992506+pawan-cw@users.noreply.github.com\u003e\r\nCo-authored-by: Gaurav Sheoran \u003c138434680+gauravsheoran7@users.noreply.github.com\u003e\r\nCo-authored-by: rohits04 \u003c119675271+rohits04@users.noreply.github.com\u003e","fileTypesAndContributionMap":{"scss":{"insertions":85,"deletions":3},"tsx":{"insertions":142,"deletions":14},"json":{"insertions":2,"deletions":0}}}]},{"date":"2024-08-12","commitResults":[{"hash":"67666357f371cde62f1b9507df1319f8d00df479","isMergeCommit":false,"messageTitle":"Develop (#219)","messageBody":"* search filtter and pagination fix (#217)\r\n\r\n* Add LottieAnimation component for animated confetti\r\n\r\n---------\r\n\r\nCo-authored-by: pawan-cw \u003c42992506+pawan-cw@users.noreply.github.com\u003e","fileTypesAndContributionMap":{"scss":{"insertions":338,"deletions":306},"tsx":{"insertions":408,"deletions":344},"json":{"insertions":5,"deletions":1}}}]},{"date":"2024-08-22","commitResults":[{"hash":"d17dd3bb4f921c49776e8c95c3471391050991e4","isMergeCommit":true,"messageTitle":"Merge branch \u0027dev-deployment\u0027 into develop","messageBody":"","fileTypesAndContributionMap":{}},{"hash":"6159ab40f5b97fefdd65782318350ca6ba2fdd9b","isMergeCommit":true,"messageTitle":"Merge branch \u0027main\u0027 into develop","messageBody":"","fileTypesAndContributionMap":{}}]}],"Gaurav Sheoran":[{"date":"2024-07-24","commitResults":[{"hash":"1536944f810085453a1f79cccce5366e5043f85d","isMergeCommit":false,"messageTitle":"Refactor category names to use \"Core Value\" instead of \"Value\" \u0026 crea… (#194)","messageBody":"* Refactor category names to use \"Core Value\" instead of \"Value\" \u0026 create-update api changes\r\n\r\n* Refactor AddValuePopup component to remove similar category text state","fileTypesAndContributionMap":{"tsx":{"insertions":31,"deletions":58},"ts":{"insertions":7,"deletions":7}}}]},{"date":"2024-08-06","commitResults":[{"hash":"58f6cd9ced3233b33935e589d430d27b47bcfe41","isMergeCommit":false,"messageTitle":"Feature/cd 330 (#206)","messageBody":"* Refactor help section components and add missing files\r\n\r\n* Refactor help section styles and add missing files\r\n\r\n* Refactor help section styles, fix missing files, and improve user experience\r\n\r\n* Add constant file for blogs data\r\n\r\n* Refactor help section, routes\r\n\r\n* code optimization","fileTypesAndContributionMap":{"svg":{"insertions":7,"deletions":0},"scss":{"insertions":370,"deletions":2},"tsx":{"insertions":760,"deletions":3},"ts":{"insertions":9,"deletions":0}}}]},{"date":"2024-08-08","commitResults":[{"hash":"ab9cbe05ad69660b10b89e6853ed948043f858ef","isMergeCommit":false,"messageTitle":"Help section bug fixes (#212)","messageBody":"* Add common component for blogs (#210)\r\n\r\n* Add common component for blogs\r\n\r\n* Refactor commonBlogs component and styles\r\n\r\n* Fix help popup styles\r\n\r\n* Fix sidebar navigation bug and improve help section","fileTypesAndContributionMap":{"scss":{"insertions":17,"deletions":32},"tsx":{"insertions":111,"deletions":205},"ts":{"insertions":336,"deletions":8}}},{"hash":"435f9c1b50b1d6d1916e49af5f3b7aba23fa884a","isMergeCommit":false,"messageTitle":"Refactor scrollbar and close button styles (#214)","messageBody":"","fileTypesAndContributionMap":{"scss":{"insertions":41,"deletions":12},"tsx":{"insertions":6,"deletions":2}}}]}],"DikshaDeswal-Codewalla":[{"date":"2024-07-29","commitResults":[{"hash":"672843666a4e49b7b227382c659b6e6eafdd090b","isMergeCommit":false,"messageTitle":"Added placeholder to edit when clicked on editIcon (#197)","messageBody":"","fileTypesAndContributionMap":{"tsx":{"insertions":15,"deletions":10}}}]},{"date":"2024-07-31","commitResults":[{"hash":"2f3b6ab071d1d49ac029faa25ef3410aae999616","isMergeCommit":false,"messageTitle":"added code to show error on ui if email and id already exists (#202)","messageBody":"","fileTypesAndContributionMap":{"tsx":{"insertions":29,"deletions":3},"ts":{"insertions":4,"deletions":0}}}]}],"Shrinath_CW":[{"date":"2024-07-23","commitResults":[{"hash":"16111852a47d0b222c827a34f9cb9bb24c0b29a0","isMergeCommit":false,"messageTitle":"fixed performance issue","messageBody":"","fileTypesAndContributionMap":{"scss":{"insertions":22,"deletions":21},"tsx":{"insertions":58,"deletions":47},"json":{"insertions":7,"deletions":6}}},{"hash":"fa77c8291604395574cad175f10db981a6a94f37","isMergeCommit":true,"messageTitle":"Merge branch \u0027develop\u0027 of github.com:codewalla-engineering/coachwalla-ui into bugFix/performance_issue","messageBody":"","fileTypesAndContributionMap":{}},{"hash":"a48eef7a364d29af410ca923bbf8a437e60d25a4","isMergeCommit":false,"messageTitle":"Refactor calendar component styles and fix dialog handling","messageBody":"","fileTypesAndContributionMap":{"scss":{"insertions":1,"deletions":1},"tsx":{"insertions":9,"deletions":8}}},{"hash":"85e91614a990c537f79ac5f5934e8606773b8576","isMergeCommit":false,"messageTitle":"Refactor calendar component styles and fix dialog handling","messageBody":"","fileTypesAndContributionMap":{"scss":{"insertions":6,"deletions":3}}},{"hash":"f3e479e9daed4d8289921d3d934176d97e45fa4b","isMergeCommit":false,"messageTitle":"Refactor calendar component styles and fix dialog handling","messageBody":"","fileTypesAndContributionMap":{"scss":{"insertions":9,"deletions":6},"tsx":{"insertions":10,"deletions":4}}},{"hash":"8b1db4b374468e444c2ab4f6c947cadb3aa7b7a2","isMergeCommit":true,"messageTitle":"Merge branch \u0027develop\u0027 of github.com:codewalla-engineering/coachwalla-ui into dev-deployment","messageBody":"","fileTypesAndContributionMap":{}}]},{"date":"2024-07-24","commitResults":[{"hash":"ff5e24ff394bfbf57941d2d25407b6d7a31f7845","isMergeCommit":false,"messageTitle":"Refactor toggle button icon and update styles","messageBody":"","fileTypesAndContributionMap":{"scss":{"insertions":3,"deletions":2},"tsx":{"insertions":18,"deletions":16}}},{"hash":"92b1dc49a131e2c166b36b1146ab60d2e730eafc","isMergeCommit":false,"messageTitle":"Refactor guards to use role-based authentication","messageBody":"","fileTypesAndContributionMap":{"tsx":{"insertions":58,"deletions":21}}},{"hash":"0ac0c49d579d47d519b1ae0f53e676945be22ac7","isMergeCommit":true,"messageTitle":"Merge branches \u0027develop\u0027 and \u0027develop\u0027 of github.com:codewalla-engineering/coachwalla-ui into develop","messageBody":"","fileTypesAndContributionMap":{}},{"hash":"7e5503a0bab40d7218eff2f61767a5c906a11e4e","isMergeCommit":false,"messageTitle":"Refactor swimlaneGoalCard component to improve readability and maintainability","messageBody":"","fileTypesAndContributionMap":{"scss":{"insertions":1,"deletions":0},"tsx":{"insertions":127,"deletions":95}}},{"hash":"ba48fedf2e7d5f3f4a5cd25c928dafce899f58e3","isMergeCommit":false,"messageTitle":"Refactor calendar component styles and update event creation messages","messageBody":"","fileTypesAndContributionMap":{"tsx":{"insertions":1,"deletions":1},"ts":{"insertions":2,"deletions":2}}},{"hash":"e48950ae33ea94dba7e2121c5c27c36c23b4ae0b","isMergeCommit":true,"messageTitle":"Merge branch \u0027develop\u0027 of github.com:codewalla-engineering/coachwalla-ui into dev-deployment","messageBody":"","fileTypesAndContributionMap":{}},{"hash":"de8cc94c78ba597dffe701395ccb48b2654ff1a0","isMergeCommit":false,"messageTitle":"Refactor toggle button icon and update styles","messageBody":"","fileTypesAndContributionMap":{"tsx":{"insertions":18,"deletions":12}}},{"hash":"21e0c7cee0ce42b6441ec233d831826771e295c5","isMergeCommit":false,"messageTitle":"Refactor createCoachingSession component styles and add close button","messageBody":"","fileTypesAndContributionMap":{"svg":{"insertions":10,"deletions":0},"scss":{"insertions":6,"deletions":0},"tsx":{"insertions":20,"deletions":9}}},{"hash":"1e67548593d09302c492a6cc964b13eb925d040d","isMergeCommit":true,"messageTitle":"Merge branch \u0027develop\u0027 of github.com:codewalla-engineering/coachwalla-ui into dev-deployment","messageBody":"","fileTypesAndContributionMap":{}}]},{"date":"2024-07-25","commitResults":[{"hash":"78762184a6a69e9f9af684330a3bf8b72054192b","isMergeCommit":false,"messageTitle":"Refactor component styles and add loading indicator","messageBody":"","fileTypesAndContributionMap":{"scss":{"insertions":13,"deletions":12},"tsx":{"insertions":39,"deletions":34}}},{"hash":"12d465267887d0572d61d3e9e021d3774b9468c4","isMergeCommit":false,"messageTitle":"Refactor createCoachingSession component to use an array for topicList","messageBody":"","fileTypesAndContributionMap":{"tsx":{"insertions":5,"deletions":4}}},{"hash":"b8015d672bbaaefbf887914d4c0265337f210005","isMergeCommit":true,"messageTitle":"Merge branch \u0027develop\u0027 of github.com:codewalla-engineering/coachwalla-ui into dev-deployment","messageBody":"","fileTypesAndContributionMap":{}},{"hash":"f334b41644e9d089cfbd80e8850fa93578a124dc","isMergeCommit":false,"messageTitle":"Refactor dropdown limitTags prop to 1 for better user experience","messageBody":"","fileTypesAndContributionMap":{"svg":{"insertions":28,"deletions":9},"tsx":{"insertions":1,"deletions":2}}},{"hash":"9248e0543f6eadb499b3ec2852ab09cf4501725c","isMergeCommit":true,"messageTitle":"Merge branch \u0027develop\u0027 of github.com:codewalla-engineering/coachwalla-ui into dev-deployment","messageBody":"","fileTypesAndContributionMap":{}}]},{"date":"2024-07-26","commitResults":[{"hash":"ee303acd84917c13dcd0c95a9a9077d60a76b85e","isMergeCommit":false,"messageTitle":"Refactor createCoachingSession component to use createSession function for form submission","messageBody":"","fileTypesAndContributionMap":{"tsx":{"insertions":2,"deletions":2}}},{"hash":"d7c8b05582c62556138166d060389205d7dce4db","isMergeCommit":true,"messageTitle":"Merge branch \u0027develop\u0027 of github.com:codewalla-engineering/coachwalla-ui into dev-deployment","messageBody":"","fileTypesAndContributionMap":{}}]},{"date":"2024-08-05","commitResults":[{"hash":"3fb723b20c7466b5c40682899fa950a09e82db24","isMergeCommit":false,"messageTitle":"Refactor ProfileInfoPage to use searchParams for userId","messageBody":"","fileTypesAndContributionMap":{"tsx":{"insertions":7,"deletions":3}}},{"hash":"907ebad32d86425950a456187f1a40523b474eff","isMergeCommit":true,"messageTitle":"Merge branch \u0027develop\u0027 of github.com:codewalla-engineering/coachwalla-ui into dev-deployment","messageBody":"","fileTypesAndContributionMap":{}}]},{"date":"2024-08-06","commitResults":[{"hash":"9ffd02c074d62427f9fd2c5eccd1e4cb2ad1caeb","isMergeCommit":false,"messageTitle":"fFix validation for date of birth to be less than 18 years back","messageBody":"","fileTypesAndContributionMap":{"tsx":{"insertions":23,"deletions":6}}}]},{"date":"2024-08-08","commitResults":[{"hash":"2d9dc9da49dc07adeb6a21fcb64c9827ad71367c","isMergeCommit":false,"messageTitle":"Refactor AI suggestions button and input styles","messageBody":"","fileTypesAndContributionMap":{"scss":{"insertions":2,"deletions":1},"tsx":{"insertions":152,"deletions":79}}},{"hash":"a2a4e4fcbc440c0091d74937c42fca80cb88435a","isMergeCommit":false,"messageTitle":"change text employee to player","messageBody":"","fileTypesAndContributionMap":{"tsx":{"insertions":23,"deletions":23},"ts":{"insertions":1,"deletions":1}}},{"hash":"e19d59ecef58339f41ed9251a1557fe18b30d858","isMergeCommit":false,"messageTitle":"Refactor job title labels to use \"Professional Title\" instead of \"Job Title\"","messageBody":"","fileTypesAndContributionMap":{"tsx":{"insertions":19,"deletions":19},"ts":{"insertions":1,"deletions":1}}},{"hash":"e684a597f968d477cd7e0965bbf7ff736acf638e","isMergeCommit":true,"messageTitle":"Merge branch \u0027develop\u0027 of github.com:codewalla-engineering/coachwalla-ui into develop","messageBody":"","fileTypesAndContributionMap":{}},{"hash":"522892213e02be892d7b6e6271844d1dbbdfaf0e","isMergeCommit":false,"messageTitle":"Refactor help section components and add missing files","messageBody":"","fileTypesAndContributionMap":{"tsx":{"insertions":0,"deletions":278}}},{"hash":"167910a7b6908ad7947ba48ecd52cfb881788bea","isMergeCommit":false,"messageTitle":"Refactor code to remove commented out \"Hiring Date\" field in addUserPage.tsx and allPlayerList.tsx","messageBody":"","fileTypesAndContributionMap":{"tsx":{"insertions":31,"deletions":40},"ts":{"insertions":26,"deletions":26}}},{"hash":"e90a7fff21157c6efda2dfe72a7cf9a4a55125a4","isMergeCommit":false,"messageTitle":"Refactor component names and labels for consistency","messageBody":"","fileTypesAndContributionMap":{"tsx":{"insertions":11,"deletions":11},"ts":{"insertions":37,"deletions":37}}},{"hash":"e5e46a9594a2491a7cde2e576b31f369ebe5d935","isMergeCommit":false,"messageTitle":"Refactor component names and labels for consistency","messageBody":"","fileTypesAndContributionMap":{"scss":{"insertions":3,"deletions":1},"tsx":{"insertions":5,"deletions":4},"ts":{"insertions":1,"deletions":1}}},{"hash":"ab366163f0c6c39f8dcc08a335a928a801409135","isMergeCommit":false,"messageTitle":"chore: Refactor AI suggestions button and input styles","messageBody":"","fileTypesAndContributionMap":{"scss":{"insertions":6,"deletions":0},"tsx":{"insertions":2,"deletions":1}}},{"hash":"d56333fedf19383a85f45b0c288ac03b65dcf021","isMergeCommit":true,"messageTitle":"Merge branch \u0027develop\u0027 of github.com:codewalla-engineering/coachwalla-ui into develop","messageBody":"","fileTypesAndContributionMap":{}},{"hash":"0d6126c599eb011c7297c5e1de43fc312bb02955","isMergeCommit":false,"messageTitle":"Refactor goal creation popup message for clarity","messageBody":"","fileTypesAndContributionMap":{"tsx":{"insertions":1,"deletions":1}}},{"hash":"abac187c0353a6a8972ddec7a401e51f0aae3467","isMergeCommit":true,"messageTitle":"Merge branch \u0027dev-deployment\u0027 of github.com:codewalla-engineering/coachwalla-ui into develop","messageBody":"","fileTypesAndContributionMap":{}}]},{"date":"2024-08-09","commitResults":[{"hash":"4ca5fa230d3fae98bea0d0c6dd868686077ecd09","isMergeCommit":false,"messageTitle":"Refactor code to remove commented out \"Hiring Date\" field in addUserPage.tsx and allPlayerList.tsx","messageBody":"","fileTypesAndContributionMap":{"tsx":{"insertions":26,"deletions":26}}},{"hash":"b89fb4727aa479015803e005bef7326f9c02c53d","isMergeCommit":false,"messageTitle":"Refactor code to remove commented out \"Hiring Date\" field in addUserPage.tsx and allPlayerList.tsx","messageBody":"","fileTypesAndContributionMap":{"tsx":{"insertions":26,"deletions":2},"ts":{"insertions":1,"deletions":0}}},{"hash":"cc27c5af8ffabb86f53b43559db5240acc1b6ca9","isMergeCommit":false,"messageTitle":"add help video for create goal","messageBody":"","fileTypesAndContributionMap":{"tsx":{"insertions":86,"deletions":30},"ts":{"insertions":1,"deletions":0}}},{"hash":"c038e80681ac3ddcd3d0e080cc098004a43911b2","isMergeCommit":true,"messageTitle":"Merge branch \u0027develop\u0027 of github.com:codewalla-engineering/coachwalla-ui into dev-deployment","messageBody":"","fileTypesAndContributionMap":{}},{"hash":"e1f790bbf9a25e00a598fd5768de934dd8b8975f","isMergeCommit":false,"messageTitle":"chore: Add overlayOpened state to ProfileInfoPage","messageBody":"","fileTypesAndContributionMap":{"tsx":{"insertions":4,"deletions":1}}},{"hash":"cbb41aa9fc2ef283db91c357be52414107852267","isMergeCommit":true,"messageTitle":"Merge branch \u0027develop\u0027 of github.com:codewalla-engineering/coachwalla-ui into dev-deployment","messageBody":"","fileTypesAndContributionMap":{}}]},{"date":"2024-08-12","commitResults":[{"hash":"f70504b2b1a462ffcca3541961baa8ef39d0a1f0","isMergeCommit":false,"messageTitle":" Add LottieAnimation component for animated confetti","messageBody":"","fileTypesAndContributionMap":{"scss":{"insertions":338,"deletions":306},"tsx":{"insertions":387,"deletions":336},"json":{"insertions":5,"deletions":1}}},{"hash":"dff47e114d624f613f248ceb3923773929330fac","isMergeCommit":true,"messageTitle":"Merge branch \u0027develop\u0027 of github.com:codewalla-engineering/coachwalla-ui into develop","messageBody":"","fileTypesAndContributionMap":{}}]},{"date":"2024-08-16","commitResults":[{"hash":"2755ba0d802db7bcd1d31836011c76a577a98577","isMergeCommit":false,"messageTitle":"Add GetAiSuggestionForGoalFeedBack API endpoint","messageBody":"","fileTypesAndContributionMap":{"scss":{"insertions":3,"deletions":1},"tsx":{"insertions":64,"deletions":28},"ts":{"insertions":1,"deletions":1}}}]},{"date":"2024-08-22","commitResults":[{"hash":"b98a34fa21e346a6da05e7583307157ec7676cae","isMergeCommit":false,"messageTitle":"Refactor animation rendering logic for goal cards","messageBody":"","fileTypesAndContributionMap":{"tsx":{"insertions":2,"deletions":2}}}]}],"rohits04":[{"date":"2024-07-23","commitResults":[{"hash":"d4ed1d66b7305664743679d63f74e0badb5a206a","isMergeCommit":false,"messageTitle":"Feature/cd 334 (#192)","messageBody":"* Add toggle button icon and update styles\r\nFix border and shadow styles\r\nRemove commented code\r\nUpdate profile image size and add profile text style\r\n\r\n* Refactor oneOnOneCalendarView.tsx\r\n\r\n* Add new files and update dependencies\r\n\r\n* Removed console.log\r\n\r\n* Add hover effect to calendar view","fileTypesAndContributionMap":{"svg":{"insertions":15,"deletions":0},"scss":{"insertions":91,"deletions":2},"tsx":{"insertions":345,"deletions":37},"json":{"insertions":10,"deletions":8}}},{"hash":"3a00c8319280967338de644a04d9b87b7b00e749","isMergeCommit":false,"messageTitle":"Calendar fixes (#193)","messageBody":"* Add dayjs library for date handling\r\n\r\n* Remove console.log statements","fileTypesAndContributionMap":{"tsx":{"insertions":13,"deletions":4}}}]},{"date":"2024-07-31","commitResults":[{"hash":"1f9a05ed477bbdf6ca49bc5e2c517e3eb640f230","isMergeCommit":false,"messageTitle":"Feature/cd 335 (#199)","messageBody":"* Add react-markdown and react-simplemde-editor dependencies\r\nAdd getAgenda and refineAgenda endpoints\r\nUpdate EventCalendar component\r\n\r\n* Update width of hiddenAgenda element in createCoachingSession.scss and remove console.log statement in createCoachingSession.tsx\r\n\r\n* Added UpcomingEventsSkeleton component and update eventList rendering\r\n\r\n* Refactor createCoachingSession component","fileTypesAndContributionMap":{"scss":{"insertions":173,"deletions":78},"tsx":{"insertions":311,"deletions":58},"json":{"insertions":2,"deletions":0},"ts":{"insertions":2,"deletions":0}}},{"hash":"7ce5f9a61cd28637f16acec4da82852fb1c3d301","isMergeCommit":false,"messageTitle":"Add dayjs duration extension","messageBody":"","fileTypesAndContributionMap":{"tsx":{"insertions":1,"deletions":0}}}]},{"date":"2024-08-01","commitResults":[{"hash":"37d0b0ffc58457ad8484931606e93b3a1fc884ca","isMergeCommit":false,"messageTitle":"Update calendar view styles and add no events message (#203)","messageBody":"CT-95 CT96 fixes added","fileTypesAndContributionMap":{"svg":{"insertions":1,"deletions":0},"scss":{"insertions":32,"deletions":14},"tsx":{"insertions":205,"deletions":200}}}]},{"date":"2024-08-08","commitResults":[{"hash":"5d9d3056db383d090c608603f1d70daaea231c34","isMergeCommit":false,"messageTitle":"calendar weekly view added (#213)","messageBody":"* calendar weekly view added\r\n\r\n* Fix event creation success message and add day number to day header format","fileTypesAndContributionMap":{"scss":{"insertions":85,"deletions":3},"tsx":{"insertions":142,"deletions":14},"json":{"insertions":2,"deletions":0}}}]},{"date":"2024-08-16","commitResults":[{"hash":"8f4ebc43cf54d2f45e3fdf9f7effea94213b2e3f","isMergeCommit":false,"messageTitle":"Fix styling issues and add loading indicator (#218)","messageBody":"","fileTypesAndContributionMap":{"scss":{"insertions":19,"deletions":2},"tsx":{"insertions":46,"deletions":31}}}]},{"date":"2024-08-20","commitResults":[{"hash":"48e9030332ad477f49c54621edd2433d0ad5ea20","isMergeCommit":false,"messageTitle":"CT-101 bug fixed (#222)","messageBody":"* CT-101 bug fixed\r\n\r\n* Add getManagerGoalSummaryAsUser function to fetch manager goal summary for a specific user","fileTypesAndContributionMap":{"tsx":{"insertions":21,"deletions":4}}},{"hash":"81204044c2a36a63a5422db6583dc5a2b510ea7d","isMergeCommit":false,"messageTitle":"Add Search Manager by Name API endpoint and update commonChip styles (#221)","messageBody":"","fileTypesAndContributionMap":{"scss":{"insertions":37,"deletions":27},"tsx":{"insertions":150,"deletions":104},"ts":{"insertions":1,"deletions":0}}}]},{"date":"2024-08-22","commitResults":[{"hash":"1916cbae82e57082cb051e5aef2f78280983157b","isMergeCommit":false,"messageTitle":"Fix disabled state of submit button in LeftSideCreateGoal component (#223)","messageBody":"","fileTypesAndContributionMap":{"tsx":{"insertions":1,"deletions":2}}}]}]},"authorFileTypeContributionMap":{"pawan-cw":{"tsx":114,"scss":13},"Shrinath Malavekar":{"yml":1,"scss":106,"tsx":400},"Gaurav Sheoran":{"svg":7,"scss":384,"tsx":478,"ts":306},"DikshaDeswal-Codewalla":{"tsx":38,"ts":4},"Shrinath_CW":{"json":12,"svg":29,"tsx":611,"scss":86,"ts":51},"rohits04":{"json":7,"svg":16,"tsx":860,"scss":319,"ts":3}},"authorContributionVariance":{"pawan-cw":4190.839,"Shrinath Malavekar":172372.55,"Gaurav Sheoran":57940.75,"DikshaDeswal-Codewalla":58.095688,"Shrinath_CW":81790.04,"rohits04":28690.691},"authorDisplayNameMap":{"pawan-cw":"pawan-cw","Shrinath Malavekar":"Shrinath Malavekar","Gaurav Sheoran":"Gaurav Sheoran","DikshaDeswal-Codewalla":"DikshaDeswal-Codewalla","Shrinath_CW":"Shrinath_CW","rohits04":"rohits04"}}
