{"authorDailyContributionsMap":{"pawan-cw":[{"date":"2024-08-12","commitResults":[{"hash":"d258e116ee92cff5d99cb842dc4a9ee7bd7d7990","isMergeCommit":false,"messageTitle":"search filtter and pagination fix (#217)","messageBody":"","fileTypesAndContributionMap":{"tsx":{"insertions":21,"deletions":8}}}]},{"date":"2024-08-16","commitResults":[{"hash":"d67d9132ade8ccbc9f587eeffd81cc72ea57942e","isMergeCommit":false,"messageTitle":"Pagination fix (#220)","messageBody":"* search filtter and pagination fix\r\n\r\n* fix pagination glitch\r\n\r\n---------\r\n\r\nCo-authored-by: Shrinath Malavekar \u003c104494315+Shrinath1999@users.noreply.github.com\u003e","fileTypesAndContributionMap":{"tsx":{"insertions":5,"deletions":1}}}]}],"dhiraj-codewalla":[{"date":"2024-09-05","commitResults":[{"hash":"d49a9af7305a440fe9cabb44eb6b81f8d2534584","isMergeCommit":false,"messageTitle":"Mixpanel integration 1 (#234)","messageBody":"* added entry mixpanel function\r\n\r\n* packagne json file\r\n\r\n* created common function for each button and added actions\r\n\r\n* PR changes : added secrests to envs, change in function name, code optimn","fileTypesAndContributionMap":{"qa":{"insertions":0,"deletions":1},"dev":{"insertions":0,"deletions":1},"scss":{"insertions":12,"deletions":0},"tsx":{"insertions":242,"deletions":157},"json":{"insertions":3,"deletions":0},"local":{"insertions":0,"deletions":1},"ts":{"insertions":51,"deletions":2}}}]}],"Shrinath Malavekar":[{"date":"2024-08-12","commitResults":[{"hash":"67666357f371cde62f1b9507df1319f8d00df479","isMergeCommit":false,"messageTitle":"Develop (#219)","messageBody":"* search filtter and pagination fix (#217)\r\n\r\n* Add LottieAnimation component for animated confetti\r\n\r\n---------\r\n\r\nCo-authored-by: pawan-cw \u003c42992506+pawan-cw@users.noreply.github.com\u003e","fileTypesAndContributionMap":{"scss":{"insertions":338,"deletions":306},"tsx":{"insertions":408,"deletions":344},"json":{"insertions":5,"deletions":1}}}]},{"date":"2024-08-22","commitResults":[{"hash":"d17dd3bb4f921c49776e8c95c3471391050991e4","isMergeCommit":true,"messageTitle":"Merge branch \u0027dev-deployment\u0027 into develop","messageBody":"","fileTypesAndContributionMap":{}},{"hash":"6159ab40f5b97fefdd65782318350ca6ba2fdd9b","isMergeCommit":true,"messageTitle":"Merge branch \u0027main\u0027 into develop","messageBody":"","fileTypesAndContributionMap":{}}]}],"Shrinath_CW":[{"date":"2024-08-09","commitResults":[{"hash":"4ca5fa230d3fae98bea0d0c6dd868686077ecd09","isMergeCommit":false,"messageTitle":"Refactor code to remove commented out \"Hiring Date\" field in addUserPage.tsx and allPlayerList.tsx","messageBody":"","fileTypesAndContributionMap":{"tsx":{"insertions":26,"deletions":26}}},{"hash":"b89fb4727aa479015803e005bef7326f9c02c53d","isMergeCommit":false,"messageTitle":"Refactor code to remove commented out \"Hiring Date\" field in addUserPage.tsx and allPlayerList.tsx","messageBody":"","fileTypesAndContributionMap":{"tsx":{"insertions":26,"deletions":2},"ts":{"insertions":1,"deletions":0}}},{"hash":"cc27c5af8ffabb86f53b43559db5240acc1b6ca9","isMergeCommit":false,"messageTitle":"add help video for create goal","messageBody":"","fileTypesAndContributionMap":{"tsx":{"insertions":86,"deletions":30},"ts":{"insertions":1,"deletions":0}}},{"hash":"c038e80681ac3ddcd3d0e080cc098004a43911b2","isMergeCommit":true,"messageTitle":"Merge branch \u0027develop\u0027 of github.com:codewalla-engineering/coachwalla-ui into dev-deployment","messageBody":"","fileTypesAndContributionMap":{}},{"hash":"e1f790bbf9a25e00a598fd5768de934dd8b8975f","isMergeCommit":false,"messageTitle":"chore: Add overlayOpened state to ProfileInfoPage","messageBody":"","fileTypesAndContributionMap":{"tsx":{"insertions":4,"deletions":1}}},{"hash":"cbb41aa9fc2ef283db91c357be52414107852267","isMergeCommit":true,"messageTitle":"Merge branch \u0027develop\u0027 of github.com:codewalla-engineering/coachwalla-ui into dev-deployment","messageBody":"","fileTypesAndContributionMap":{}}]},{"date":"2024-08-12","commitResults":[{"hash":"f70504b2b1a462ffcca3541961baa8ef39d0a1f0","isMergeCommit":false,"messageTitle":" Add LottieAnimation component for animated confetti","messageBody":"","fileTypesAndContributionMap":{"scss":{"insertions":338,"deletions":306},"tsx":{"insertions":387,"deletions":336},"json":{"insertions":5,"deletions":1}}},{"hash":"dff47e114d624f613f248ceb3923773929330fac","isMergeCommit":true,"messageTitle":"Merge branch \u0027develop\u0027 of github.com:codewalla-engineering/coachwalla-ui into develop","messageBody":"","fileTypesAndContributionMap":{}}]},{"date":"2024-08-16","commitResults":[{"hash":"2755ba0d802db7bcd1d31836011c76a577a98577","isMergeCommit":false,"messageTitle":"Add GetAiSuggestionForGoalFeedBack API endpoint","messageBody":"","fileTypesAndContributionMap":{"scss":{"insertions":3,"deletions":1},"tsx":{"insertions":64,"deletions":28},"ts":{"insertions":1,"deletions":1}}}]},{"date":"2024-08-22","commitResults":[{"hash":"b98a34fa21e346a6da05e7583307157ec7676cae","isMergeCommit":false,"messageTitle":"Refactor animation rendering logic for goal cards","messageBody":"","fileTypesAndContributionMap":{"tsx":{"insertions":2,"deletions":2}}}]}],"rohits04":[{"date":"2024-08-16","commitResults":[{"hash":"8f4ebc43cf54d2f45e3fdf9f7effea94213b2e3f","isMergeCommit":false,"messageTitle":"Fix styling issues and add loading indicator (#218)","messageBody":"","fileTypesAndContributionMap":{"scss":{"insertions":19,"deletions":2},"tsx":{"insertions":46,"deletions":31}}}]},{"date":"2024-08-20","commitResults":[{"hash":"48e9030332ad477f49c54621edd2433d0ad5ea20","isMergeCommit":false,"messageTitle":"CT-101 bug fixed (#222)","messageBody":"* CT-101 bug fixed\r\n\r\n* Add getManagerGoalSummaryAsUser function to fetch manager goal summary for a specific user","fileTypesAndContributionMap":{"tsx":{"insertions":21,"deletions":4}}},{"hash":"81204044c2a36a63a5422db6583dc5a2b510ea7d","isMergeCommit":false,"messageTitle":"Add Search Manager by Name API endpoint and update commonChip styles (#221)","messageBody":"","fileTypesAndContributionMap":{"scss":{"insertions":37,"deletions":27},"tsx":{"insertions":150,"deletions":104},"ts":{"insertions":1,"deletions":0}}}]},{"date":"2024-08-22","commitResults":[{"hash":"1916cbae82e57082cb051e5aef2f78280983157b","isMergeCommit":false,"messageTitle":"Fix disabled state of submit button in LeftSideCreateGoal component (#223)","messageBody":"","fileTypesAndContributionMap":{"tsx":{"insertions":1,"deletions":2}}}]},{"date":"2024-08-30","commitResults":[{"hash":"80faf4ebd1e516b007427e6c6761f8fbb1159f8a","isMergeCommit":false,"messageTitle":"Update object-fit property in playerCard.scss and profileInfo.scss (#230)","messageBody":"* Update object-fit property in playerCard.scss and profileInfo.scss\r\nAdd uploadProfileImage endpoint in apiEndpoints.ts\r\nAdd profile picture related text messages\r\nUpdate profilePictureImage source in playerCard.tsx\r\n\r\n* removed common snakbar","fileTypesAndContributionMap":{"scss":{"insertions":8,"deletions":1},"tsx":{"insertions":101,"deletions":40},"ts":{"insertions":7,"deletions":0}}}]}]},"authorFileTypeContributionMap":{"pawan-cw":{"tsx":23},"dhiraj-codewalla":{"json":3,"tsx":229,"scss":12,"ts":51},"Shrinath Malavekar":{"yml":1,"scss":1,"tsx":7},"Shrinath_CW":{"json":5,"tsx":241,"scss":34,"ts":3},"rohits04":{"scss":36,"tsx":209,"ts":8}},"authorContributionVariance":{"pawan-cw":29.758928,"dhiraj-codewalla":7607.526,"Shrinath Malavekar":67692.98,"Shrinath_CW":65549.875,"rohits04":4987.6787},"authorDisplayNameMap":{"pawan-cw":"pawan-cw","dhiraj-codewalla":"dhiraj-codewalla","Shrinath Malavekar":"Shrinath Malavekar","Shrinath_CW":"Shrinath_CW","rohits04":"rohits04"}}
