{"authorDailyContributionsMap":{"Aditya Gaur":[{"date":"2024-07-21","commitResults":[{"hash":"d2a60fc27d700cbda6269e25f4a8d1951d07b877","isMergeCommit":false,"messageTitle":"Revert \"Sqs integration\"","messageBody":"","fileTypesAndContributionMap":{"json":{"insertions":1,"deletions":2},"ts":{"insertions":38,"deletions":202}}},{"hash":"83cf4e55c7f447b39f28aa5ac3e9ecc04a024ca7","isMergeCommit":true,"messageTitle":"Merge pull request #135 from codewalla-engineering/revert-134-sqs-integration","messageBody":"Revert \"Sqs integration\"","fileTypesAndContributionMap":{}}]}]},"authorFileTypeContributionMap":{"Aditya Gaur":{"json":1,"ts":38}},"authorContributionVariance":{"Aditya Gaur":0.0},"authorDisplayNameMap":{"Aditya Gaur":"Aditya Gaur"}}
